[{"PepNumAtoms":108,"PeptideID":"802","PepExecTilingTime":1,"PepExecIsomorStrictMatchTime":110,"PepExecIsomorphismTime":110,"PepExecIsomorLightMatchTime":0,"PepExecutionCompleteTime":111,"PepCoverageRatio":1.0,"PeptideName":"kahalalide R"},{"PepNumAtoms":109,"PeptideID":"803","PepExecTilingTime":33,"PepExecIsomorStrictMatchTime":92,"PepExecIsomorphismTime":400,"PepExecIsomorLightMatchTime":308,"PepExecutionCompleteTime":433,"PepCoverageRatio":0.9908256880733946,"PeptideName":"kahalalide S"},{"PepNumAtoms":125,"PeptideID":"1093","PepExecTilingTime":0,"PepExecIsomorStrictMatchTime":100,"PepExecIsomorphismTime":100,"PepExecIsomorLightMatchTime":0,"PepExecutionCompleteTime":100,"PepCoverageRatio":1.0,"PeptideName":"Leu1-zervamicin"},{"PepNumAtoms":119,"PeptideID":"945","PepExecTilingTime":1,"PepExecIsomorStrictMatchTime":89,"PepExecIsomorphismTime":89,"PepExecIsomorLightMatchTime":0,"PepExecutionCompleteTime":90,"PepCoverageRatio":1.0,"PeptideName":"antiamoebin I"},{"PepNumAtoms":86,"PeptideID":"35","PepExecTilingTime":0,"PepExecIsomorStrictMatchTime":74,"PepExecIsomorphismTime":74,"PepExecIsomorLightMatchTime":0,"PepExecutionCompleteTime":74,"PepCoverageRatio":1.0,"PeptideName":"cyclosporin C"},{"PepNumAtoms":80,"PeptideID":"333","PepExecTilingTime":0,"PepExecIsomorStrictMatchTime":88,"PepExecIsomorphismTime":88,"PepExecIsomorLightMatchTime":0,"PepExecutionCompleteTime":88,"PepCoverageRatio":1.0,"PeptideName":"massetolide A"},{"PepNumAtoms":118,"PeptideID":"946","PepExecTilingTime":3,"PepExecIsomorStrictMatchTime":101,"PepExecIsomorphismTime":101,"PepExecIsomorLightMatchTime":0,"PepExecutionCompleteTime":104,"PepCoverageRatio":1.0,"PeptideName":"antiamoebin II"},{"PepNumAtoms":86,"PeptideID":"36","PepExecTilingTime":1,"PepExecIsomorStrictMatchTime":80,"PepExecIsomorphismTime":80,"PepExecIsomorLightMatchTime":0,"PepExecutionCompleteTime":81,"PepCoverageRatio":1.0,"PeptideName":"cyclosporin D"},{"PepNumAtoms":85,"PeptideID":"33","PepExecTilingTime":1,"PepExecIsomorStrictMatchTime":79,"PepExecIsomorphismTime":79,"PepExecIsomorLightMatchTime":0,"PepExecutionCompleteTime":80,"PepCoverageRatio":1.0,"PeptideName":"cyclosporin A"},{"PepNumAtoms":63,"PeptideID":"330","PepExecTilingTime":1,"PepExecIsomorStrictMatchTime":53,"PepExecIsomorphismTime":53,"PepExecIsomorLightMatchTime":0,"PepExecutionCompleteTime":54,"PepCoverageRatio":1.0,"PeptideName":"bacillibactin"},{"PepNumAtoms":121,"PeptideID":"1094","PepExecTilingTime":1,"PepExecIsomorStrictMatchTime":103,"PepExecIsomorphismTime":103,"PepExecIsomorLightMatchTime":0,"PepExecutionCompleteTime":104,"PepCoverageRatio":1.0,"PeptideName":"trichotoxin A-40"},{"PepNumAtoms":84,"PeptideID":"34","PepExecTilingTime":0,"PepExecIsomorStrictMatchTime":79,"PepExecIsomorphismTime":79,"PepExecIsomorLightMatchTime":0,"PepExecutionCompleteTime":79,"PepCoverageRatio":1.0,"PeptideName":"cyclosporin B"},{"PepNumAtoms":79,"PeptideID":"331","PepExecTilingTime":1,"PepExecIsomorStrictMatchTime":87,"PepExecIsomorphismTime":87,"PepExecIsomorLightMatchTime":0,"PepExecutionCompleteTime":88,"PepCoverageRatio":1.0,"PeptideName":"viscosin"},{"PepNumAtoms":86,"PeptideID":"39","PepExecTilingTime":1,"PepExecIsomorStrictMatchTime":83,"PepExecIsomorphismTime":83,"PepExecIsomorLightMatchTime":0,"PepExecutionCompleteTime":84,"PepCoverageRatio":1.0,"PeptideName":"cyclosporin G"},{"PepNumAtoms":84,"PeptideID":"37","PepExecTilingTime":0,"PepExecIsomorStrictMatchTime":73,"PepExecIsomorphismTime":73,"PepExecIsomorLightMatchTime":0,"PepExecutionCompleteTime":73,"PepCoverageRatio":1.0,"PeptideName":"cyclosporin E"},{"PepNumAtoms":84,"PeptideID":"38","PepExecTilingTime":0,"PepExecIsomorStrictMatchTime":65,"PepExecIsomorphismTime":65,"PepExecIsomorLightMatchTime":0,"PepExecutionCompleteTime":65,"PepCoverageRatio":1.0,"PeptideName":"cyclosporin F"},{"PepNumAtoms":45,"PeptideID":"601","PepExecTilingTime":0,"PepExecIsomorStrictMatchTime":44,"PepExecIsomorphismTime":44,"PepExecIsomorLightMatchTime":0,"PepExecutionCompleteTime":44,"PepCoverageRatio":1.0,"PeptideName":"geodiamolide H"},{"PepNumAtoms":96,"PeptideID":"600","PepExecTilingTime":0,"PepExecIsomorStrictMatchTime":66,"PepExecIsomorphismTime":66,"PepExecIsomorLightMatchTime":0,"PepExecutionCompleteTime":66,"PepCoverageRatio":1.0,"PeptideName":"aciculitin A"},{"PepNumAtoms":58,"PeptideID":"535","PepExecTilingTime":1,"PepExecIsomorStrictMatchTime":46,"PepExecIsomorphismTime":46,"PepExecIsomorLightMatchTime":0,"PepExecutionCompleteTime":47,"PepCoverageRatio":1.0,"PeptideName":"phakellistatin 13"},{"PepNumAtoms":82,"PeptideID":"534","PepExecTilingTime":1,"PepExecIsomorStrictMatchTime":58,"PepExecIsomorphismTime":58,"PepExecIsomorLightMatchTime":0,"PepExecutionCompleteTime":59,"PepCoverageRatio":1.0,"PeptideName":"phakellistatin 12"},{"PepNumAtoms":71,"PeptideID":"533","PepExecTilingTime":0,"PepExecIsomorStrictMatchTime":35,"PepExecIsomorphismTime":35,"PepExecIsomorLightMatchTime":0,"PepExecutionCompleteTime":35,"PepCoverageRatio":1.0,"PeptideName":"phakellistatin 11"},{"PepNumAtoms":85,"PeptideID":"40","PepExecTilingTime":0,"PepExecIsomorStrictMatchTime":36,"PepExecIsomorphismTime":36,"PepExecIsomorLightMatchTime":0,"PepExecutionCompleteTime":36,"PepCoverageRatio":1.0,"PeptideName":"cyclosporin H"},{"PepNumAtoms":63,"PeptideID":"532","PepExecTilingTime":0,"PepExecIsomorStrictMatchTime":34,"PepExecIsomorphismTime":34,"PepExecIsomorLightMatchTime":0,"PepExecutionCompleteTime":34,"PepCoverageRatio":1.0,"PeptideName":"phakellistatin 10"},{"PepNumAtoms":37,"PeptideID":"607","PepExecTilingTime":0,"PepExecIsomorStrictMatchTime":21,"PepExecIsomorphismTime":21,"PepExecIsomorLightMatchTime":0,"PepExecutionCompleteTime":21,"PepCoverageRatio":1.0,"PeptideName":"geodiamolide E"},{"PepNumAtoms":54,"PeptideID":"536","PepExecTilingTime":0,"PepExecIsomorStrictMatchTime":24,"PepExecIsomorphismTime":24,"PepExecIsomorLightMatchTime":0,"PepExecutionCompleteTime":24,"PepCoverageRatio":1.0,"PeptideName":"phakellistatin 14"},{"PepNumAtoms":37,"PeptideID":"606","PepExecTilingTime":0,"PepExecIsomorStrictMatchTime":21,"PepExecIsomorphismTime":21,"PepExecIsomorLightMatchTime":0,"PepExecutionCompleteTime":21,"PepCoverageRatio":1.0,"PeptideName":"geodiamolide D"},{"PepNumAtoms":38,"PeptideID":"604","PepExecTilingTime":0,"PepExecIsomorStrictMatchTime":20,"PepExecIsomorphismTime":20,"PepExecIsomorLightMatchTime":0,"PepExecutionCompleteTime":20,"PepCoverageRatio":1.0,"PeptideName":"geodiamolide B"},{"PepNumAtoms":38,"PeptideID":"603","PepExecTilingTime":0,"PepExecIsomorStrictMatchTime":20,"PepExecIsomorphismTime":20,"PepExecIsomorLightMatchTime":0,"PepExecutionCompleteTime":20,"PepCoverageRatio":1.0,"PeptideName":"geodiamolide A"},{"PepNumAtoms":45,"PeptideID":"602","PepExecTilingTime":0,"PepExecIsomorStrictMatchTime":24,"PepExecIsomorphismTime":24,"PepExecIsomorLightMatchTime":0,"PepExecutionCompleteTime":24,"PepCoverageRatio":1.0,"PeptideName":"geodiamolide I"},{"PepNumAtoms":118,"PeptideID":"931","PepExecTilingTime":3,"PepExecIsomorStrictMatchTime":45,"PepExecIsomorphismTime":45,"PepExecIsomorLightMatchTime":0,"PepExecutionCompleteTime":48,"PepCoverageRatio":1.0,"PeptideName":"chloropolysporin C"},{"PepNumAtoms":128,"PeptideID":"932","PepExecTilingTime":1,"PepExecIsomorStrictMatchTime":90,"PepExecIsomorphismTime":90,"PepExecIsomorLightMatchTime":0,"PepExecutionCompleteTime":91,"PepCoverageRatio":1.0,"PeptideName":"chloropolysporin B"},{"PepNumAtoms":158,"PeptideID":"933","PepExecTilingTime":1,"PepExecIsomorStrictMatchTime":62,"PepExecIsomorphismTime":62,"PepExecIsomorLightMatchTime":0,"PepExecutionCompleteTime":63,"PepCoverageRatio":1.0,"PeptideName":"galacardin A"},{"PepNumAtoms":147,"PeptideID":"934","PepExecTilingTime":1,"PepExecIsomorStrictMatchTime":55,"PepExecIsomorphismTime":55,"PepExecIsomorLightMatchTime":0,"PepExecutionCompleteTime":56,"PepCoverageRatio":1.0,"PeptideName":"galacardin B"},{"PepNumAtoms":95,"PeptideID":"343","PepExecTilingTime":0,"PepExecIsomorStrictMatchTime":35,"PepExecIsomorphismTime":35,"PepExecIsomorLightMatchTime":0,"PepExecutionCompleteTime":35,"PepCoverageRatio":1.0,"PeptideName":"arthrofactin"},{"PepNumAtoms":140,"PeptideID":"344","PepExecTilingTime":1,"PepExecIsomorStrictMatchTime":48,"PepExecIsomorphismTime":48,"PepExecIsomorLightMatchTime":0,"PepExecutionCompleteTime":49,"PepCoverageRatio":1.0,"PeptideName":"tolaasin I"},{"PepNumAtoms":138,"PeptideID":"1081","PepExecTilingTime":1,"PepExecIsomorStrictMatchTime":55,"PepExecIsomorphismTime":55,"PepExecIsomorLightMatchTime":0,"PepExecutionCompleteTime":56,"PepCoverageRatio":1.0,"PeptideName":"feglymycin"},{"PepNumAtoms":137,"PeptideID":"935","PepExecTilingTime":1,"PepExecIsomorStrictMatchTime":52,"PepExecIsomorphismTime":52,"PepExecIsomorLightMatchTime":0,"PepExecutionCompleteTime":53,"PepCoverageRatio":1.0,"PeptideName":"helvecardin A"},{"PepNumAtoms":126,"PeptideID":"936","PepExecTilingTime":1,"PepExecIsomorStrictMatchTime":45,"PepExecIsomorphismTime":45,"PepExecIsomorLightMatchTime":0,"PepExecutionCompleteTime":46,"PepCoverageRatio":1.0,"PeptideName":"helvecardin B"},{"PepNumAtoms":137,"PeptideID":"345","PepExecTilingTime":1,"PepExecIsomorStrictMatchTime":45,"PepExecIsomorphismTime":45,"PepExecIsomorLightMatchTime":0,"PepExecutionCompleteTime":46,"PepCoverageRatio":1.0,"PeptideName":"tolaasin II"},{"PepNumAtoms":139,"PeptideID":"346","PepExecTilingTime":1,"PepExecIsomorStrictMatchTime":46,"PepExecIsomorphismTime":46,"PepExecIsomorLightMatchTime":0,"PepExecutionCompleteTime":47,"PepCoverageRatio":1.0,"PeptideName":"tolaasin B"},{"PepNumAtoms":107,"PeptideID":"28","PepExecTilingTime":1,"PepExecIsomorStrictMatchTime":26,"PepExecIsomorphismTime":26,"PepExecIsomorLightMatchTime":0,"PepExecutionCompleteTime":27,"PepCoverageRatio":1.0,"PeptideName":"CDA4a"},{"PepNumAtoms":140,"PeptideID":"347","PepExecTilingTime":1,"PepExecIsomorStrictMatchTime":48,"PepExecIsomorphismTime":48,"PepExecIsomorLightMatchTime":0,"PepExecutionCompleteTime":49,"PepCoverageRatio":1.0,"PeptideName":"tolaasin D"},{"PepNumAtoms":137,"PeptideID":"348","PepExecTilingTime":1,"PepExecIsomorStrictMatchTime":47,"PepExecIsomorphismTime":47,"PepExecIsomorLightMatchTime":0,"PepExecutionCompleteTime":48,"PepCoverageRatio":1.0,"PeptideName":"tolaasin E"},{"PepNumAtoms":107,"PeptideID":"29","PepExecTilingTime":0,"PepExecIsomorStrictMatchTime":28,"PepExecIsomorphismTime":28,"PepExecIsomorLightMatchTime":0,"PepExecutionCompleteTime":28,"PepCoverageRatio":1.0,"PeptideName":"CDA4b"},{"PepNumAtoms":19,"PeptideID":"209","PepExecTilingTime":0,"PepExecIsomorStrictMatchTime":13,"PepExecIsomorphismTime":13,"PepExecIsomorLightMatchTime":0,"PepExecutionCompleteTime":13,"PepCoverageRatio":1.0,"PeptideName":"bacilysin"},{"PepNumAtoms":69,"PeptideID":"409","PepExecTilingTime":0,"PepExecIsomorStrictMatchTime":28,"PepExecIsomorphismTime":28,"PepExecIsomorLightMatchTime":0,"PepExecutionCompleteTime":28,"PepCoverageRatio":1.0,"PeptideName":"apramide A"},{"PepNumAtoms":136,"PeptideID":"929","PepExecTilingTime":581,"PepExecIsomorStrictMatchTime":58,"PepExecIsomorphismTime":1254,"PepExecIsomorLightMatchTime":1196,"PepExecutionCompleteTime":1835,"PepCoverageRatio":0.9558823529411765,"PeptideName":"avoparcin-beta"},{"PepNumAtoms":64,"PeptideID":"408","PepExecTilingTime":0,"PepExecIsomorStrictMatchTime":6,"PepExecIsomorphismTime":6,"PepExecIsomorLightMatchTime":0,"PepExecutionCompleteTime":6,"PepCoverageRatio":1.0,"PeptideName":"micromide"},{"PepNumAtoms":115,"PeptideID":"1","PepExecTilingTime":1,"PepExecIsomorStrictMatchTime":12,"PepExecIsomorphismTime":12,"PepExecIsomorLightMatchTime":0,"PepExecutionCompleteTime":13,"PepCoverageRatio":1.0,"PeptideName":"daptomycin"},{"PepNumAtoms":139,"PeptideID":"7","PepExecTilingTime":0,"PepExecIsomorStrictMatchTime":17,"PepExecIsomorphismTime":17,"PepExecIsomorLightMatchTime":0,"PepExecutionCompleteTime":17,"PepCoverageRatio":1.0,"PeptideName":"alamethicin F50"},{"PepNumAtoms":65,"PeptideID":"544","PepExecTilingTime":0,"PepExecIsomorStrictMatchTime":8,"PepExecIsomorphismTime":8,"PepExecIsomorLightMatchTime":0,"PepExecutionCompleteTime":8,"PepCoverageRatio":1.0,"PeptideName":"hymenamide H"},{"PepNumAtoms":36,"PeptideID":"405","PepExecTilingTime":0,"PepExecIsomorStrictMatchTime":6,"PepExecIsomorphismTime":6,"PepExecIsomorLightMatchTime":0,"PepExecutionCompleteTime":6,"PepCoverageRatio":1.0,"PeptideName":"serrawettin W1"},{"PepNumAtoms":52,"PeptideID":"404","PepExecTilingTime":0,"PepExecIsomorStrictMatchTime":6,"PepExecIsomorphismTime":6,"PepExecIsomorLightMatchTime":0,"PepExecutionCompleteTime":6,"PepCoverageRatio":1.0,"PeptideName":"serrawettin W2"},{"PepNumAtoms":80,"PeptideID":"545","PepExecTilingTime":0,"PepExecIsomorStrictMatchTime":8,"PepExecIsomorphismTime":8,"PepExecIsomorLightMatchTime":0,"PepExecutionCompleteTime":8,"PepCoverageRatio":1.0,"PeptideName":"hymenamide J"},{"PepNumAtoms":70,"PeptideID":"160","PepExecTilingTime":6,"PepExecIsomorStrictMatchTime":7,"PepExecIsomorphismTime":54,"PepExecIsomorLightMatchTime":47,"PepExecutionCompleteTime":60,"PepCoverageRatio":0.9857142857142858,"PeptideName":"pseudobactin"},{"PepNumAtoms":53,"PeptideID":"549","PepExecTilingTime":0,"PepExecIsomorStrictMatchTime":6,"PepExecIsomorphismTime":6,"PepExecIsomorLightMatchTime":0,"PepExecutionCompleteTime":6,"PepCoverageRatio":1.0,"PeptideName":"stylostatin 1"},{"PepNumAtoms":71,"PeptideID":"731","PepExecTilingTime":4,"PepExecIsomorStrictMatchTime":8,"PepExecIsomorphismTime":79,"PepExecIsomorLightMatchTime":71,"PepExecutionCompleteTime":83,"PepCoverageRatio":0.971830985915493,"PeptideName":"apramide F"},{"PepNumAtoms":70,"PeptideID":"730","PepExecTilingTime":3,"PepExecIsomorStrictMatchTime":8,"PepExecIsomorphismTime":62,"PepExecIsomorLightMatchTime":54,"PepExecutionCompleteTime":65,"PepCoverageRatio":0.9714285714285714,"PeptideName":"apramide E"},{"PepNumAtoms":73,"PeptideID":"211","PepExecTilingTime":0,"PepExecIsomorStrictMatchTime":11,"PepExecIsomorphismTime":11,"PepExecIsomorLightMatchTime":0,"PepExecutionCompleteTime":11,"PepCoverageRatio":1.0,"PeptideName":"surfactin aC15"},{"PepNumAtoms":60,"PeptideID":"824","PepExecTilingTime":0,"PepExecIsomorStrictMatchTime":7,"PepExecIsomorphismTime":7,"PepExecIsomorLightMatchTime":0,"PepExecutionCompleteTime":7,"PepCoverageRatio":1.0,"PeptideName":"nodularin-Har"},{"PepNumAtoms":55,"PeptideID":"825","PepExecTilingTime":26,"PepExecIsomorStrictMatchTime":6,"PepExecIsomorphismTime":194,"PepExecIsomorLightMatchTime":188,"PepExecutionCompleteTime":220,"PepCoverageRatio":1.0,"PeptideName":"motuporin"},{"PepNumAtoms":29,"PeptideID":"822","PepExecTilingTime":1,"PepExecIsomorStrictMatchTime":3,"PepExecIsomorphismTime":47,"PepExecIsomorLightMatchTime":44,"PepExecutionCompleteTime":48,"PepCoverageRatio":1.0,"PeptideName":"nocardicin F"},{"PepNumAtoms":26,"PeptideID":"210","PepExecTilingTime":0,"PepExecIsomorStrictMatchTime":4,"PepExecIsomorphismTime":4,"PepExecIsomorLightMatchTime":0,"PepExecutionCompleteTime":4,"PepCoverageRatio":1.0,"PeptideName":"chrysobactin"},{"PepNumAtoms":28,"PeptideID":"823","PepExecTilingTime":1,"PepExecIsomorStrictMatchTime":4,"PepExecIsomorphismTime":48,"PepExecIsomorLightMatchTime":44,"PepExecutionCompleteTime":49,"PepCoverageRatio":1.0,"PeptideName":"nocardicin G"},{"PepNumAtoms":35,"PeptideID":"318","PepExecTilingTime":0,"PepExecIsomorStrictMatchTime":5,"PepExecIsomorphismTime":5,"PepExecIsomorLightMatchTime":0,"PepExecutionCompleteTime":5,"PepCoverageRatio":1.0,"PeptideName":"beauverolide i"},{"PepNumAtoms":35,"PeptideID":"319","PepExecTilingTime":1,"PepExecIsomorStrictMatchTime":4,"PepExecIsomorphismTime":4,"PepExecIsomorLightMatchTime":0,"PepExecutionCompleteTime":5,"PepCoverageRatio":1.0,"PeptideName":"beauverolide H"},{"PepNumAtoms":100,"PeptideID":"18","PepExecTilingTime":5,"PepExecIsomorStrictMatchTime":12,"PepExecIsomorphismTime":36,"PepExecIsomorLightMatchTime":24,"PepExecutionCompleteTime":41,"PepCoverageRatio":0.97,"PeptideName":"bacitracin A1"},{"PepNumAtoms":135,"PeptideID":"928","PepExecTilingTime":401,"PepExecIsomorStrictMatchTime":19,"PepExecIsomorphismTime":1374,"PepExecIsomorLightMatchTime":1355,"PepExecutionCompleteTime":1775,"PepCoverageRatio":0.9555555555555556,"PeptideName":"avoparcin-alpha"},{"PepNumAtoms":100,"PeptideID":"923","PepExecTilingTime":0,"PepExecIsomorStrictMatchTime":11,"PepExecIsomorphismTime":31,"PepExecIsomorLightMatchTime":20,"PepExecutionCompleteTime":31,"PepCoverageRatio":1.0,"PeptideName":"bacitracin F"},{"PepNumAtoms":35,"PeptideID":"820","PepExecTilingTime":3,"PepExecIsomorStrictMatchTime":4,"PepExecIsomorphismTime":54,"PepExecIsomorLightMatchTime":50,"PepExecutionCompleteTime":57,"PepCoverageRatio":1.0,"PeptideName":"nocardicin D"},{"PepNumAtoms":29,"PeptideID":"821","PepExecTilingTime":1,"PepExecIsomorStrictMatchTime":4,"PepExecIsomorphismTime":48,"PepExecIsomorLightMatchTime":44,"PepExecutionCompleteTime":49,"PepCoverageRatio":1.0,"PeptideName":"nocardicin E"},{"PepNumAtoms":99,"PeptideID":"21","PepExecTilingTime":3,"PepExecIsomorStrictMatchTime":11,"PepExecIsomorphismTime":32,"PepExecIsomorLightMatchTime":21,"PepExecutionCompleteTime":35,"PepCoverageRatio":0.9797979797979798,"PeptideName":"bacitracin B3"},{"PepNumAtoms":73,"PeptideID":"418","PepExecTilingTime":0,"PepExecIsomorStrictMatchTime":8,"PepExecIsomorphismTime":8,"PepExecIsomorLightMatchTime":0,"PepExecutionCompleteTime":8,"PepCoverageRatio":1.0,"PeptideName":"callipeltin B"},{"PepNumAtoms":99,"PeptideID":"20","PepExecTilingTime":3,"PepExecIsomorStrictMatchTime":10,"PepExecIsomorphismTime":34,"PepExecIsomorLightMatchTime":24,"PepExecutionCompleteTime":37,"PepCoverageRatio":0.9696969696969697,"PeptideName":"bacitracin B2"},{"PepNumAtoms":106,"PeptideID":"417","PepExecTilingTime":1,"PepExecIsomorStrictMatchTime":12,"PepExecIsomorphismTime":34,"PepExecIsomorLightMatchTime":22,"PepExecutionCompleteTime":35,"PepCoverageRatio":1.0,"PeptideName":"callipeltin A"},{"PepNumAtoms":69,"PeptideID":"729","PepExecTilingTime":0,"PepExecIsomorStrictMatchTime":7,"PepExecIsomorphismTime":18,"PepExecIsomorLightMatchTime":11,"PepExecutionCompleteTime":18,"PepCoverageRatio":1.0,"PeptideName":"apramide C"},{"PepNumAtoms":68,"PeptideID":"728","PepExecTilingTime":0,"PepExecIsomorStrictMatchTime":7,"PepExecIsomorphismTime":7,"PepExecIsomorLightMatchTime":0,"PepExecutionCompleteTime":7,"PepCoverageRatio":1.0,"PeptideName":"apramide B"},{"PepNumAtoms":119,"PeptideID":"416","PepExecTilingTime":1,"PepExecIsomorStrictMatchTime":15,"PepExecIsomorphismTime":39,"PepExecIsomorLightMatchTime":24,"PepExecutionCompleteTime":40,"PepCoverageRatio":1.0,"PeptideName":"neamphamide A"},{"PepNumAtoms":69,"PeptideID":"415","PepExecTilingTime":0,"PepExecIsomorStrictMatchTime":7,"PepExecIsomorphismTime":7,"PepExecIsomorLightMatchTime":0,"PepExecutionCompleteTime":7,"PepCoverageRatio":1.0,"PeptideName":"cyclonellin"},{"PepNumAtoms":33,"PeptideID":"727","PepExecTilingTime":0,"PepExecIsomorStrictMatchTime":4,"PepExecIsomorphismTime":18,"PepExecIsomorLightMatchTime":14,"PepExecutionCompleteTime":18,"PepCoverageRatio":1.0,"PeptideName":"moiramide B"},{"PepNumAtoms":38,"PeptideID":"623","PepExecTilingTime":0,"PepExecIsomorStrictMatchTime":5,"PepExecIsomorphismTime":5,"PepExecIsomorLightMatchTime":0,"PepExecutionCompleteTime":5,"PepCoverageRatio":1.0,"PeptideName":"chlamydocin"},{"PepNumAtoms":86,"PeptideID":"1067","PepExecTilingTime":0,"PepExecIsomorStrictMatchTime":10,"PepExecIsomorphismTime":10,"PepExecIsomorLightMatchTime":0,"PepExecutionCompleteTime":10,"PepCoverageRatio":1.0,"PeptideName":"polymyxin B6"},{"PepNumAtoms":81,"PeptideID":"1068","PepExecTilingTime":0,"PepExecIsomorStrictMatchTime":10,"PepExecIsomorphismTime":10,"PepExecIsomorLightMatchTime":0,"PepExecutionCompleteTime":10,"PepCoverageRatio":1.0,"PeptideName":"polymyxin E2"},{"PepNumAtoms":40,"PeptideID":"622","PepExecTilingTime":1,"PepExecIsomorStrictMatchTime":4,"PepExecIsomorphismTime":16,"PepExecIsomorLightMatchTime":12,"PepExecutionCompleteTime":17,"PepCoverageRatio":1.0,"PeptideName":"foroxymithine"},{"PepNumAtoms":70,"PeptideID":"621","PepExecTilingTime":1,"PepExecIsomorStrictMatchTime":7,"PepExecIsomorphismTime":7,"PepExecIsomorLightMatchTime":0,"PepExecutionCompleteTime":8,"PepCoverageRatio":1.0,"PeptideName":"majusculamide C"},{"PepNumAtoms":35,"PeptideID":"627","PepExecTilingTime":0,"PepExecIsomorStrictMatchTime":4,"PepExecIsomorphismTime":4,"PepExecIsomorLightMatchTime":0,"PepExecutionCompleteTime":4,"PepCoverageRatio":1.0,"PeptideName":"malformin A1"},{"PepNumAtoms":71,"PeptideID":"410","PepExecTilingTime":5,"PepExecIsomorStrictMatchTime":7,"PepExecIsomorphismTime":58,"PepExecIsomorLightMatchTime":51,"PepExecutionCompleteTime":63,"PepCoverageRatio":0.971830985915493,"PeptideName":"apramide D"},{"PepNumAtoms":38,"PeptideID":"626","PepExecTilingTime":0,"PepExecIsomorStrictMatchTime":4,"PepExecIsomorphismTime":4,"PepExecIsomorLightMatchTime":0,"PepExecutionCompleteTime":4,"PepCoverageRatio":1.0,"PeptideName":"cyclochlorotine"},{"PepNumAtoms":64,"PeptideID":"519","PepExecTilingTime":0,"PepExecIsomorStrictMatchTime":8,"PepExecIsomorphismTime":8,"PepExecIsomorLightMatchTime":0,"PepExecutionCompleteTime":8,"PepCoverageRatio":1.0,"PeptideName":"axinastatin 5"},{"PepNumAtoms":58,"PeptideID":"625","PepExecTilingTime":13,"PepExecIsomorStrictMatchTime":5,"PepExecIsomorphismTime":67,"PepExecIsomorLightMatchTime":62,"PepExecutionCompleteTime":80,"PepCoverageRatio":0.896551724137931,"PeptideName":"bottromycin A2"},{"PepNumAtoms":30,"PeptideID":"624","PepExecTilingTime":0,"PepExecIsomorStrictMatchTime":4,"PepExecIsomorphismTime":4,"PepExecIsomorLightMatchTime":0,"PepExecutionCompleteTime":4,"PepCoverageRatio":1.0,"PeptideName":"tentoxin"},{"PepNumAtoms":35,"PeptideID":"819","PepExecTilingTime":1,"PepExecIsomorStrictMatchTime":3,"PepExecIsomorphismTime":52,"PepExecIsomorLightMatchTime":49,"PepExecutionCompleteTime":53,"PepCoverageRatio":1.0,"PeptideName":"nocardicin C"},{"PepNumAtoms":56,"PeptideID":"517","PepExecTilingTime":0,"PepExecIsomorStrictMatchTime":6,"PepExecIsomorphismTime":6,"PepExecIsomorLightMatchTime":0,"PepExecutionCompleteTime":6,"PepCoverageRatio":1.0,"PeptideName":"axinastatin 3"},{"PepNumAtoms":55,"PeptideID":"516","PepExecTilingTime":0,"PepExecIsomorStrictMatchTime":6,"PepExecIsomorphismTime":6,"PepExecIsomorLightMatchTime":0,"PepExecutionCompleteTime":6,"PepCoverageRatio":1.0,"PeptideName":"axinastatin 2"},{"PepNumAtoms":54,"PeptideID":"515","PepExecTilingTime":0,"PepExecIsomorStrictMatchTime":6,"PepExecIsomorphismTime":6,"PepExecIsomorLightMatchTime":0,"PepExecutionCompleteTime":6,"PepCoverageRatio":1.0,"PeptideName":"axinastatin 1"},{"PepNumAtoms":45,"PeptideID":"412","PepExecTilingTime":0,"PepExecIsomorStrictMatchTime":5,"PepExecIsomorphismTime":5,"PepExecIsomorLightMatchTime":0,"PepExecutionCompleteTime":5,"PepCoverageRatio":1.0,"PeptideName":"oscillarin"},{"PepNumAtoms":58,"PeptideID":"411","PepExecTilingTime":0,"PepExecIsomorStrictMatchTime":6,"PepExecIsomorphismTime":26,"PepExecIsomorLightMatchTime":20,"PepExecutionCompleteTime":26,"PepCoverageRatio":0.9655172413793104,"PeptideName":"apramide G"},{"PepNumAtoms":74,"PeptideID":"220","PepExecTilingTime":0,"PepExecIsomorStrictMatchTime":11,"PepExecIsomorphismTime":11,"PepExecIsomorLightMatchTime":0,"PepExecutionCompleteTime":11,"PepCoverageRatio":1.0,"PeptideName":"iturin A-2"},{"PepNumAtoms":104,"PeptideID":"226","PepExecTilingTime":0,"PepExecIsomorStrictMatchTime":17,"PepExecIsomorphismTime":17,"PepExecIsomorLightMatchTime":0,"PepExecutionCompleteTime":17,"PepCoverageRatio":1.0,"PeptideName":"fengycin A"},{"PepNumAtoms":47,"PeptideID":"329","PepExecTilingTime":0,"PepExecIsomorStrictMatchTime":5,"PepExecIsomorphismTime":5,"PepExecIsomorLightMatchTime":0,"PepExecutionCompleteTime":5,"PepCoverageRatio":1.0,"PeptideName":"jaspamide"},{"PepNumAtoms":36,"PeptideID":"818","PepExecTilingTime":1,"PepExecIsomorStrictMatchTime":4,"PepExecIsomorphismTime":54,"PepExecIsomorLightMatchTime":50,"PepExecutionCompleteTime":55,"PepCoverageRatio":1.0,"PeptideName":"nocardicin B"},{"PepNumAtoms":85,"PeptideID":"1066","PepExecTilingTime":0,"PepExecIsomorStrictMatchTime":11,"PepExecIsomorphismTime":11,"PepExecIsomorLightMatchTime":0,"PepExecutionCompleteTime":11,"PepCoverageRatio":1.0,"PeptideName":"polymyxin B5"},{"PepNumAtoms":90,"PeptideID":"228","PepExecTilingTime":0,"PepExecIsomorStrictMatchTime":9,"PepExecIsomorphismTime":9,"PepExecIsomorLightMatchTime":0,"PepExecutionCompleteTime":9,"PepCoverageRatio":1.0,"PeptideName":"actinomycin D"},{"PepNumAtoms":83,"PeptideID":"1065","PepExecTilingTime":0,"PepExecIsomorStrictMatchTime":10,"PepExecIsomorphismTime":10,"PepExecIsomorLightMatchTime":0,"PepExecutionCompleteTime":10,"PepCoverageRatio":1.0,"PeptideName":"polymyxin B4"},{"PepNumAtoms":90,"PeptideID":"229","PepExecTilingTime":0,"PepExecIsomorStrictMatchTime":9,"PepExecIsomorphismTime":9,"PepExecIsomorLightMatchTime":0,"PepExecutionCompleteTime":9,"PepCoverageRatio":1.0,"PeptideName":"actinomycin I"},{"PepNumAtoms":99,"PeptideID":"916","PepExecTilingTime":4,"PepExecIsomorStrictMatchTime":11,"PepExecIsomorphismTime":35,"PepExecIsomorLightMatchTime":24,"PepExecutionCompleteTime":39,"PepCoverageRatio":0.9696969696969697,"PeptideName":"bacitracin B1"},{"PepNumAtoms":84,"PeptideID":"1064","PepExecTilingTime":0,"PepExecIsomorStrictMatchTime":10,"PepExecIsomorphismTime":10,"PepExecIsomorLightMatchTime":0,"PepExecutionCompleteTime":10,"PepCoverageRatio":1.0,"PeptideName":"polymyxin B3"},{"PepNumAtoms":84,"PeptideID":"1063","PepExecTilingTime":0,"PepExecIsomorStrictMatchTime":10,"PepExecIsomorphismTime":10,"PepExecIsomorLightMatchTime":0,"PepExecutionCompleteTime":10,"PepCoverageRatio":1.0,"PeptideName":"polymyxin B2"},{"PepNumAtoms":35,"PeptideID":"326","PepExecTilingTime":0,"PepExecIsomorStrictMatchTime":5,"PepExecIsomorphismTime":5,"PepExecIsomorLightMatchTime":0,"PepExecutionCompleteTime":5,"PepCoverageRatio":1.0,"PeptideName":"beauverolide I"},{"PepNumAtoms":81,"PeptideID":"1062","PepExecTilingTime":0,"PepExecIsomorStrictMatchTime":10,"PepExecIsomorphismTime":10,"PepExecIsomorLightMatchTime":0,"PepExecutionCompleteTime":10,"PepCoverageRatio":1.0,"PeptideName":"polymyxin M"},{"PepNumAtoms":59,"PeptideID":"427","PepExecTilingTime":0,"PepExecIsomorStrictMatchTime":6,"PepExecIsomorphismTime":6,"PepExecIsomorLightMatchTime":0,"PepExecutionCompleteTime":6,"PepCoverageRatio":1.0,"PeptideName":"aurilide"},{"PepNumAtoms":53,"PeptideID":"426","PepExecTilingTime":3,"PepExecIsomorStrictMatchTime":6,"PepExecIsomorphismTime":22,"PepExecIsomorLightMatchTime":16,"PepExecutionCompleteTime":25,"PepCoverageRatio":0.9622641509433962,"PeptideName":"gymnangiamide"},{"PepNumAtoms":98,"PeptideID":"719","PepExecTilingTime":0,"PepExecIsomorStrictMatchTime":12,"PepExecIsomorphismTime":12,"PepExecIsomorLightMatchTime":0,"PepExecutionCompleteTime":12,"PepCoverageRatio":1.0,"PeptideName":"aciculitin C"},{"PepNumAtoms":58,"PeptideID":"429","PepExecTilingTime":0,"PepExecIsomorStrictMatchTime":6,"PepExecIsomorphismTime":6,"PepExecIsomorLightMatchTime":0,"PepExecutionCompleteTime":6,"PepCoverageRatio":1.0,"PeptideName":"aurilide C"},{"PepNumAtoms":60,"PeptideID":"524","PepExecTilingTime":0,"PepExecIsomorStrictMatchTime":7,"PepExecIsomorphismTime":7,"PepExecIsomorLightMatchTime":0,"PepExecutionCompleteTime":7,"PepCoverageRatio":1.0,"PeptideName":"phakellistatin 2"},{"PepNumAtoms":97,"PeptideID":"718","PepExecTilingTime":0,"PepExecIsomorStrictMatchTime":11,"PepExecIsomorphismTime":11,"PepExecIsomorLightMatchTime":0,"PepExecutionCompleteTime":11,"PepCoverageRatio":1.0,"PeptideName":"aciculitin B"},{"PepNumAtoms":59,"PeptideID":"428","PepExecTilingTime":0,"PepExecIsomorStrictMatchTime":6,"PepExecIsomorphismTime":6,"PepExecIsomorLightMatchTime":0,"PepExecutionCompleteTime":6,"PepCoverageRatio":1.0,"PeptideName":"aurilide B"},{"PepNumAtoms":60,"PeptideID":"523","PepExecTilingTime":0,"PepExecIsomorStrictMatchTime":7,"PepExecIsomorphismTime":7,"PepExecIsomorLightMatchTime":0,"PepExecutionCompleteTime":7,"PepCoverageRatio":1.0,"PeptideName":"phakellistatin 1"},{"PepNumAtoms":82,"PeptideID":"1058","PepExecTilingTime":0,"PepExecIsomorStrictMatchTime":10,"PepExecIsomorphismTime":10,"PepExecIsomorLightMatchTime":0,"PepExecutionCompleteTime":10,"PepCoverageRatio":1.0,"PeptideName":"polymyxin E1"},{"PepNumAtoms":85,"PeptideID":"1056","PepExecTilingTime":0,"PepExecIsomorStrictMatchTime":10,"PepExecIsomorphismTime":10,"PepExecIsomorLightMatchTime":0,"PepExecutionCompleteTime":10,"PepCoverageRatio":1.0,"PeptideName":"polymyxin B1"},{"PepNumAtoms":99,"PeptideID":"423","PepExecTilingTime":1,"PepExecIsomorStrictMatchTime":11,"PepExecIsomorphismTime":22,"PepExecIsomorLightMatchTime":11,"PepExecutionCompleteTime":23,"PepCoverageRatio":1.0,"PeptideName":"papuamide B"},{"PepNumAtoms":39,"PeptideID":"618","PepExecTilingTime":0,"PepExecIsomorStrictMatchTime":4,"PepExecIsomorphismTime":4,"PepExecIsomorLightMatchTime":0,"PepExecutionCompleteTime":4,"PepCoverageRatio":1.0,"PeptideName":"geodiamolide G"},{"PepNumAtoms":39,"PeptideID":"617","PepExecTilingTime":0,"PepExecIsomorStrictMatchTime":4,"PepExecIsomorphismTime":4,"PepExecIsomorLightMatchTime":0,"PepExecutionCompleteTime":4,"PepCoverageRatio":1.0,"PeptideName":"neosiphoniamolide A"},{"PepNumAtoms":100,"PeptideID":"422","PepExecTilingTime":1,"PepExecIsomorStrictMatchTime":11,"PepExecIsomorphismTime":15,"PepExecIsomorLightMatchTime":4,"PepExecutionCompleteTime":16,"PepCoverageRatio":1.0,"PeptideName":"papuamide A"},{"PepNumAtoms":52,"PeptideID":"527","PepExecTilingTime":0,"PepExecIsomorStrictMatchTime":5,"PepExecIsomorphismTime":5,"PepExecIsomorLightMatchTime":0,"PepExecutionCompleteTime":5,"PepCoverageRatio":1.0,"PeptideName":"phakellistatin 5"},{"PepNumAtoms":114,"PeptideID":"842","PepExecTilingTime":0,"PepExecIsomorStrictMatchTime":12,"PepExecIsomorphismTime":12,"PepExecIsomorLightMatchTime":0,"PepExecutionCompleteTime":12,"PepCoverageRatio":1.0,"PeptideName":"polydiscamide D"},{"PepNumAtoms":99,"PeptideID":"988","PepExecTilingTime":1,"PepExecIsomorStrictMatchTime":12,"PepExecIsomorphismTime":23,"PepExecIsomorLightMatchTime":11,"PepExecutionCompleteTime":24,"PepCoverageRatio":1.0,"PeptideName":"harzianin HC I"},{"PepNumAtoms":115,"PeptideID":"841","PepExecTilingTime":0,"PepExecIsomorStrictMatchTime":13,"PepExecIsomorphismTime":13,"PepExecIsomorLightMatchTime":0,"PepExecutionCompleteTime":13,"PepCoverageRatio":1.0,"PeptideName":"polydiscamide C"},{"PepNumAtoms":116,"PeptideID":"840","PepExecTilingTime":0,"PepExecIsomorStrictMatchTime":13,"PepExecIsomorphismTime":13,"PepExecIsomorLightMatchTime":0,"PepExecutionCompleteTime":13,"PepCoverageRatio":1.0,"PeptideName":"polydiscamide B"},{"PepNumAtoms":68,"PeptideID":"112","PepExecTilingTime":0,"PepExecIsomorStrictMatchTime":7,"PepExecIsomorphismTime":7,"PepExecIsomorLightMatchTime":0,"PepExecutionCompleteTime":7,"PepCoverageRatio":1.0,"PeptideName":"microcystin AR"},{"PepNumAtoms":109,"PeptideID":"570","PepExecTilingTime":4,"PepExecIsomorStrictMatchTime":10,"PepExecIsomorphismTime":39,"PepExecIsomorLightMatchTime":29,"PepExecutionCompleteTime":43,"PepCoverageRatio":1.0,"PeptideName":"theonellamide F"},{"PepNumAtoms":74,"PeptideID":"110","PepExecTilingTime":0,"PepExecIsomorStrictMatchTime":8,"PepExecIsomorphismTime":8,"PepExecIsomorLightMatchTime":0,"PepExecutionCompleteTime":8,"PepCoverageRatio":1.0,"PeptideName":"microcystin LW"},{"PepNumAtoms":68,"PeptideID":"111","PepExecTilingTime":0,"PepExecIsomorStrictMatchTime":7,"PepExecIsomorphismTime":7,"PepExecIsomorLightMatchTime":0,"PepExecutionCompleteTime":7,"PepCoverageRatio":1.0,"PeptideName":"microcystin LL"},{"PepNumAtoms":110,"PeptideID":"985","PepExecTilingTime":0,"PepExecIsomorStrictMatchTime":12,"PepExecIsomorphismTime":12,"PepExecIsomorLightMatchTime":0,"PepExecutionCompleteTime":12,"PepCoverageRatio":1.0,"PeptideName":"emerimicin III"},{"PepNumAtoms":128,"PeptideID":"984","PepExecTilingTime":0,"PepExecIsomorStrictMatchTime":16,"PepExecIsomorphismTime":16,"PepExecIsomorLightMatchTime":0,"PepExecutionCompleteTime":16,"PepCoverageRatio":1.0,"PeptideName":"emerimicin IIB"},{"PepNumAtoms":182,"PeptideID":"845","PepExecTilingTime":0,"PepExecIsomorStrictMatchTime":27,"PepExecIsomorphismTime":27,"PepExecIsomorLightMatchTime":0,"PepExecutionCompleteTime":27,"PepCoverageRatio":1.0,"PeptideName":"ramoplanin A3"},{"PepNumAtoms":181,"PeptideID":"844","PepExecTilingTime":0,"PepExecIsomorStrictMatchTime":26,"PepExecIsomorphismTime":26,"PepExecIsomorLightMatchTime":0,"PepExecutionCompleteTime":26,"PepCoverageRatio":1.0,"PeptideName":"ramoplanin A2"},{"PepNumAtoms":44,"PeptideID":"435","PepExecTilingTime":1,"PepExecIsomorStrictMatchTime":4,"PepExecIsomorphismTime":4,"PepExecIsomorLightMatchTime":0,"PepExecutionCompleteTime":5,"PepCoverageRatio":1.0,"PeptideName":"guineamide B"},{"PepNumAtoms":46,"PeptideID":"436","PepExecTilingTime":1,"PepExecIsomorStrictMatchTime":4,"PepExecIsomorphismTime":4,"PepExecIsomorLightMatchTime":0,"PepExecutionCompleteTime":5,"PepCoverageRatio":1.0,"PeptideName":"guineamide C"},{"PepNumAtoms":52,"PeptideID":"433","PepExecTilingTime":0,"PepExecIsomorStrictMatchTime":5,"PepExecIsomorphismTime":5,"PepExecIsomorLightMatchTime":0,"PepExecutionCompleteTime":5,"PepCoverageRatio":1.0,"PeptideName":"carmabin B"},{"PepNumAtoms":43,"PeptideID":"434","PepExecTilingTime":0,"PepExecIsomorStrictMatchTime":4,"PepExecIsomorphismTime":4,"PepExecIsomorLightMatchTime":0,"PepExecutionCompleteTime":4,"PepCoverageRatio":1.0,"PeptideName":"guineamide A"},{"PepNumAtoms":51,"PeptideID":"432","PepExecTilingTime":0,"PepExecIsomorStrictMatchTime":6,"PepExecIsomorphismTime":6,"PepExecIsomorLightMatchTime":0,"PepExecutionCompleteTime":6,"PepCoverageRatio":1.0,"PeptideName":"carmabin A"},{"PepNumAtoms":109,"PeptideID":"703","PepExecTilingTime":0,"PepExecIsomorStrictMatchTime":13,"PepExecIsomorphismTime":13,"PepExecIsomorLightMatchTime":0,"PepExecutionCompleteTime":13,"PepCoverageRatio":1.0,"PeptideName":"orienticin B"},{"PepNumAtoms":55,"PeptideID":"575","PepExecTilingTime":0,"PepExecIsomorStrictMatchTime":6,"PepExecIsomorphismTime":6,"PepExecIsomorLightMatchTime":0,"PepExecutionCompleteTime":6,"PepCoverageRatio":1.0,"PeptideName":"waiakeamide"},{"PepNumAtoms":110,"PeptideID":"702","PepExecTilingTime":1,"PepExecIsomorStrictMatchTime":13,"PepExecIsomorphismTime":13,"PepExecIsomorLightMatchTime":0,"PepExecutionCompleteTime":14,"PepCoverageRatio":1.0,"PeptideName":"orienticin A"},{"PepNumAtoms":42,"PeptideID":"86","PepExecTilingTime":1,"PepExecIsomorStrictMatchTime":4,"PepExecIsomorphismTime":15,"PepExecIsomorLightMatchTime":11,"PepExecutionCompleteTime":16,"PepCoverageRatio":1.0,"PeptideName":"destruxin E"},{"PepNumAtoms":91,"PeptideID":"707","PepExecTilingTime":28,"PepExecIsomorStrictMatchTime":9,"PepExecIsomorphismTime":74,"PepExecIsomorLightMatchTime":65,"PepExecutionCompleteTime":102,"PepCoverageRatio":0.989010989010989,"PeptideName":"deglucobalhimycin"},{"PepNumAtoms":111,"PeptideID":"705","PepExecTilingTime":0,"PepExecIsomorStrictMatchTime":13,"PepExecIsomorphismTime":13,"PepExecIsomorLightMatchTime":0,"PepExecutionCompleteTime":13,"PepCoverageRatio":1.0,"PeptideName":"orienticin D"},{"PepNumAtoms":53,"PeptideID":"576","PepExecTilingTime":0,"PepExecIsomorStrictMatchTime":5,"PepExecIsomorphismTime":5,"PepExecIsomorLightMatchTime":0,"PepExecutionCompleteTime":5,"PepCoverageRatio":1.0,"PeptideName":"haligramide A"},{"PepNumAtoms":54,"PeptideID":"577","PepExecTilingTime":0,"PepExecIsomorStrictMatchTime":5,"PepExecIsomorphismTime":5,"PepExecIsomorLightMatchTime":0,"PepExecutionCompleteTime":5,"PepCoverageRatio":1.0,"PeptideName":"haligramide B"},{"PepNumAtoms":43,"PeptideID":"67","PepExecTilingTime":0,"PepExecIsomorStrictMatchTime":5,"PepExecIsomorphismTime":5,"PepExecIsomorLightMatchTime":0,"PepExecutionCompleteTime":5,"PepCoverageRatio":1.0,"PeptideName":"destruxin B1"},{"PepNumAtoms":72,"PeptideID":"125","PepExecTilingTime":0,"PepExecIsomorStrictMatchTime":7,"PepExecIsomorphismTime":7,"PepExecIsomorLightMatchTime":0,"PepExecutionCompleteTime":7,"PepCoverageRatio":1.0,"PeptideName":"microcystin LY"},{"PepNumAtoms":98,"PeptideID":"300","PepExecTilingTime":0,"PepExecIsomorStrictMatchTime":10,"PepExecIsomorphismTime":10,"PepExecIsomorLightMatchTime":0,"PepExecutionCompleteTime":10,"PepCoverageRatio":1.0,"PeptideName":"tyrocidine C"},{"PepNumAtoms":40,"PeptideID":"69","PepExecTilingTime":0,"PepExecIsomorStrictMatchTime":5,"PepExecIsomorphismTime":5,"PepExecIsomorLightMatchTime":0,"PepExecutionCompleteTime":5,"PepCoverageRatio":1.0,"PeptideName":"destruxin B2"},{"PepNumAtoms":40,"PeptideID":"68","PepExecTilingTime":2,"PepExecIsomorStrictMatchTime":4,"PepExecIsomorphismTime":25,"PepExecIsomorLightMatchTime":21,"PepExecutionCompleteTime":27,"PepCoverageRatio":0.975,"PeptideName":"destruxin A2"},{"PepNumAtoms":71,"PeptideID":"121","PepExecTilingTime":0,"PepExecIsomorStrictMatchTime":7,"PepExecIsomorphismTime":7,"PepExecIsomorLightMatchTime":0,"PepExecutionCompleteTime":7,"PepCoverageRatio":1.0,"PeptideName":"microcystin LF"},{"PepNumAtoms":31,"PeptideID":"304","PepExecTilingTime":0,"PepExecIsomorStrictMatchTime":4,"PepExecIsomorphismTime":4,"PepExecIsomorLightMatchTime":0,"PepExecutionCompleteTime":4,"PepCoverageRatio":1.0,"PeptideName":"HC-toxin"},{"PepNumAtoms":21,"PeptideID":"303","PepExecTilingTime":0,"PepExecIsomorStrictMatchTime":4,"PepExecIsomorphismTime":4,"PepExecIsomorLightMatchTime":0,"PepExecutionCompleteTime":4,"PepCoverageRatio":1.0,"PeptideName":"brevianamide F"},{"PepNumAtoms":30,"PeptideID":"306","PepExecTilingTime":0,"PepExecIsomorStrictMatchTime":3,"PepExecIsomorphismTime":3,"PepExecIsomorLightMatchTime":0,"PepExecutionCompleteTime":3,"PepCoverageRatio":1.0,"PeptideName":"AM-toxin II"},{"PepNumAtoms":32,"PeptideID":"305","PepExecTilingTime":0,"PepExecIsomorStrictMatchTime":4,"PepExecIsomorphismTime":4,"PepExecIsomorLightMatchTime":0,"PepExecutionCompleteTime":4,"PepCoverageRatio":1.0,"PeptideName":"AM-toxin I"},{"PepNumAtoms":31,"PeptideID":"307","PepExecTilingTime":0,"PepExecIsomorStrictMatchTime":4,"PepExecIsomorphismTime":4,"PepExecIsomorLightMatchTime":0,"PepExecutionCompleteTime":4,"PepCoverageRatio":1.0,"PeptideName":"AM-toxin III"},{"PepNumAtoms":117,"PeptideID":"445","PepExecTilingTime":0,"PepExecIsomorStrictMatchTime":13,"PepExecIsomorphismTime":13,"PepExecIsomorLightMatchTime":0,"PepExecutionCompleteTime":13,"PepCoverageRatio":1.0,"PeptideName":"microspinosamide"},{"PepNumAtoms":120,"PeptideID":"447","PepExecTilingTime":0,"PepExecIsomorStrictMatchTime":13,"PepExecIsomorphismTime":18,"PepExecIsomorLightMatchTime":5,"PepExecutionCompleteTime":18,"PepCoverageRatio":1.0,"PeptideName":"discodermin A"},{"PepNumAtoms":42,"PeptideID":"440","PepExecTilingTime":0,"PepExecIsomorStrictMatchTime":4,"PepExecIsomorphismTime":4,"PepExecIsomorLightMatchTime":0,"PepExecutionCompleteTime":4,"PepCoverageRatio":1.0,"PeptideName":"obyanamide"},{"PepNumAtoms":42,"PeptideID":"71","PepExecTilingTime":2,"PepExecIsomorStrictMatchTime":5,"PepExecIsomorphismTime":26,"PepExecIsomorLightMatchTime":21,"PepExecutionCompleteTime":28,"PepCoverageRatio":0.9761904761904762,"PeptideName":"destruxin A4"},{"PepNumAtoms":39,"PeptideID":"73","PepExecTilingTime":2,"PepExecIsomorStrictMatchTime":5,"PepExecIsomorphismTime":25,"PepExecIsomorLightMatchTime":20,"PepExecutionCompleteTime":27,"PepCoverageRatio":0.9743589743589743,"PeptideName":"desmethylDestruxin A"},{"PepNumAtoms":39,"PeptideID":"74","PepExecTilingTime":0,"PepExecIsomorStrictMatchTime":5,"PepExecIsomorphismTime":5,"PepExecIsomorLightMatchTime":0,"PepExecutionCompleteTime":5,"PepCoverageRatio":1.0,"PeptideName":"desmethylDestruxin B2"},{"PepNumAtoms":43,"PeptideID":"75","PepExecTilingTime":0,"PepExecIsomorStrictMatchTime":5,"PepExecIsomorphismTime":5,"PepExecIsomorLightMatchTime":0,"PepExecutionCompleteTime":5,"PepCoverageRatio":1.0,"PeptideName":"homoDestruxin B"},{"PepNumAtoms":83,"PeptideID":"861","PepExecTilingTime":0,"PepExecIsomorStrictMatchTime":12,"PepExecIsomorphismTime":12,"PepExecIsomorLightMatchTime":0,"PepExecutionCompleteTime":12,"PepCoverageRatio":1.0,"PeptideName":"pseudomycin B"},{"PepNumAtoms":87,"PeptideID":"865","PepExecTilingTime":0,"PepExecIsomorStrictMatchTime":12,"PepExecIsomorphismTime":12,"PepExecIsomorLightMatchTime":0,"PepExecutionCompleteTime":12,"PepCoverageRatio":1.0,"PeptideName":"syringomycin G"},{"PepNumAtoms":73,"PeptideID":"137","PepExecTilingTime":0,"PepExecIsomorStrictMatchTime":7,"PepExecIsomorphismTime":7,"PepExecIsomorLightMatchTime":0,"PepExecutionCompleteTime":7,"PepCoverageRatio":1.0,"PeptideName":"[D-Asp3.ADMAdda5]microcystin-LHar"},{"PepNumAtoms":85,"PeptideID":"862","PepExecTilingTime":0,"PepExecIsomorStrictMatchTime":14,"PepExecIsomorphismTime":14,"PepExecIsomorLightMatchTime":0,"PepExecutionCompleteTime":14,"PepCoverageRatio":1.0,"PeptideName":"pseudomycin C"},{"PepNumAtoms":37,"PeptideID":"457","PepExecTilingTime":0,"PepExecIsomorStrictMatchTime":4,"PepExecIsomorphismTime":4,"PepExecIsomorLightMatchTime":0,"PepExecutionCompleteTime":4,"PepCoverageRatio":1.0,"PeptideName":"hemiasterlin A"},{"PepNumAtoms":38,"PeptideID":"456","PepExecTilingTime":0,"PepExecIsomorStrictMatchTime":3,"PepExecIsomorphismTime":3,"PepExecIsomorLightMatchTime":0,"PepExecutionCompleteTime":3,"PepCoverageRatio":1.0,"PeptideName":"hemiasterlin"},{"PepNumAtoms":41,"PeptideID":"64","PepExecTilingTime":1,"PepExecIsomorStrictMatchTime":5,"PepExecIsomorphismTime":26,"PepExecIsomorLightMatchTime":21,"PepExecutionCompleteTime":27,"PepCoverageRatio":0.975609756097561,"PeptideName":"destruxin A"},{"PepNumAtoms":42,"PeptideID":"65","PepExecTilingTime":0,"PepExecIsomorStrictMatchTime":5,"PepExecIsomorphismTime":5,"PepExecIsomorLightMatchTime":0,"PepExecutionCompleteTime":5,"PepCoverageRatio":1.0,"PeptideName":"destruxin B"},{"PepNumAtoms":37,"PeptideID":"459","PepExecTilingTime":0,"PepExecIsomorStrictMatchTime":4,"PepExecIsomorphismTime":4,"PepExecIsomorLightMatchTime":0,"PepExecutionCompleteTime":4,"PepCoverageRatio":1.0,"PeptideName":"hemiasterlin C"},{"PepNumAtoms":70,"PeptideID":"552","PepExecTilingTime":8,"PepExecIsomorStrictMatchTime":8,"PepExecIsomorphismTime":93,"PepExecIsomorLightMatchTime":85,"PepExecutionCompleteTime":101,"PepCoverageRatio":1.0,"PeptideName":"microsclerodermin B"},{"PepNumAtoms":71,"PeptideID":"551","PepExecTilingTime":6,"PepExecIsomorStrictMatchTime":8,"PepExecIsomorphismTime":96,"PepExecIsomorLightMatchTime":88,"PepExecutionCompleteTime":102,"PepCoverageRatio":1.0,"PeptideName":"microsclerodermin A"},{"PepNumAtoms":75,"PeptideID":"560","PepExecTilingTime":0,"PepExecIsomorStrictMatchTime":8,"PepExecIsomorphismTime":8,"PepExecIsomorLightMatchTime":0,"PepExecutionCompleteTime":8,"PepCoverageRatio":1.0,"PeptideName":"cyclolinopeptide A"},{"PepNumAtoms":33,"PeptideID":"466","PepExecTilingTime":0,"PepExecIsomorStrictMatchTime":5,"PepExecIsomorphismTime":5,"PepExecIsomorLightMatchTime":0,"PepExecutionCompleteTime":5,"PepCoverageRatio":1.0,"PeptideName":"renieramide"},{"PepNumAtoms":120,"PeptideID":"569","PepExecTilingTime":6,"PepExecIsomorStrictMatchTime":13,"PepExecIsomorphismTime":58,"PepExecIsomorLightMatchTime":45,"PepExecutionCompleteTime":64,"PepCoverageRatio":1.0,"PeptideName":"theonellamide E"},{"PepNumAtoms":84,"PeptideID":"51","PepExecTilingTime":0,"PepExecIsomorStrictMatchTime":9,"PepExecIsomorphismTime":9,"PepExecIsomorLightMatchTime":0,"PepExecutionCompleteTime":9,"PepCoverageRatio":1.0,"PeptideName":"cyclosporin U"},{"PepNumAtoms":121,"PeptideID":"565","PepExecTilingTime":7,"PepExecIsomorStrictMatchTime":13,"PepExecIsomorphismTime":78,"PepExecIsomorLightMatchTime":65,"PepExecutionCompleteTime":85,"PepCoverageRatio":1.0,"PeptideName":"theonellamide A"},{"PepNumAtoms":118,"PeptideID":"568","PepExecTilingTime":5,"PepExecIsomorStrictMatchTime":12,"PepExecIsomorphismTime":52,"PepExecIsomorLightMatchTime":40,"PepExecutionCompleteTime":57,"PepCoverageRatio":1.0,"PeptideName":"theonellamide D"},{"PepNumAtoms":111,"PeptideID":"687","PepExecTilingTime":0,"PepExecIsomorStrictMatchTime":13,"PepExecIsomorphismTime":13,"PepExecIsomorLightMatchTime":0,"PepExecutionCompleteTime":13,"PepCoverageRatio":1.0,"PeptideName":"chloroorienticin A"},{"PepNumAtoms":90,"PeptideID":"689","PepExecTilingTime":0,"PepExecIsomorStrictMatchTime":9,"PepExecIsomorphismTime":9,"PepExecIsomorLightMatchTime":0,"PepExecutionCompleteTime":9,"PepCoverageRatio":1.0,"PeptideName":"chloroorienticin C"},{"PepNumAtoms":101,"PeptideID":"688","PepExecTilingTime":0,"PepExecIsomorStrictMatchTime":12,"PepExecIsomorphismTime":12,"PepExecIsomorLightMatchTime":0,"PepExecutionCompleteTime":12,"PepCoverageRatio":1.0,"PeptideName":"chloroorienticin B"},{"PepNumAtoms":100,"PeptideID":"683","PepExecTilingTime":0,"PepExecIsomorStrictMatchTime":11,"PepExecIsomorphismTime":11,"PepExecIsomorLightMatchTime":0,"PepExecutionCompleteTime":11,"PepCoverageRatio":1.0,"PeptideName":"A51568"},{"PepNumAtoms":43,"PeptideID":"1108","PepExecTilingTime":0,"PepExecIsomorStrictMatchTime":5,"PepExecIsomorphismTime":5,"PepExecIsomorLightMatchTime":0,"PepExecutionCompleteTime":5,"PepCoverageRatio":1.0,"PeptideName":"apicidin A"},{"PepNumAtoms":101,"PeptideID":"685","PepExecTilingTime":0,"PepExecIsomorStrictMatchTime":11,"PepExecIsomorphismTime":11,"PepExecIsomorLightMatchTime":0,"PepExecutionCompleteTime":11,"PepCoverageRatio":1.0,"PeptideName":"balhimycin"},{"PepNumAtoms":30,"PeptideID":"487","PepExecTilingTime":0,"PepExecIsomorStrictMatchTime":4,"PepExecIsomorphismTime":4,"PepExecIsomorLightMatchTime":0,"PepExecutionCompleteTime":4,"PepCoverageRatio":1.0,"PeptideName":"leupeptin"},{"PepNumAtoms":79,"PeptideID":"281","PepExecTilingTime":1,"PepExecIsomorStrictMatchTime":8,"PepExecIsomorphismTime":8,"PepExecIsomorLightMatchTime":0,"PepExecutionCompleteTime":9,"PepCoverageRatio":1.0,"PeptideName":"aureobasidin A"},{"PepNumAtoms":34,"PeptideID":"486","PepExecTilingTime":0,"PepExecIsomorStrictMatchTime":3,"PepExecIsomorphismTime":3,"PepExecIsomorLightMatchTime":0,"PepExecutionCompleteTime":3,"PepCoverageRatio":1.0,"PeptideName":"tokaramide A"},{"PepNumAtoms":45,"PeptideID":"1107","PepExecTilingTime":0,"PepExecIsomorStrictMatchTime":5,"PepExecIsomorphismTime":5,"PepExecIsomorLightMatchTime":0,"PepExecutionCompleteTime":5,"PepCoverageRatio":1.0,"PeptideName":"apicidin"},{"PepNumAtoms":24,"PeptideID":"280","PepExecTilingTime":0,"PepExecIsomorStrictMatchTime":3,"PepExecIsomorphismTime":22,"PepExecIsomorLightMatchTime":19,"PepExecutionCompleteTime":22,"PepCoverageRatio":1.0,"PeptideName":"anguibactin"},{"PepNumAtoms":35,"PeptideID":"485","PepExecTilingTime":0,"PepExecIsomorStrictMatchTime":4,"PepExecIsomorphismTime":18,"PepExecIsomorLightMatchTime":14,"PepExecutionCompleteTime":18,"PepCoverageRatio":1.0,"PeptideName":"andrimid"},{"PepNumAtoms":80,"PeptideID":"285","PepExecTilingTime":0,"PepExecIsomorStrictMatchTime":9,"PepExecIsomorphismTime":9,"PepExecIsomorLightMatchTime":0,"PepExecutionCompleteTime":9,"PepCoverageRatio":1.0,"PeptideName":"aureobasidin E"},{"PepNumAtoms":43,"PeptideID":"489","PepExecTilingTime":2,"PepExecIsomorStrictMatchTime":4,"PepExecIsomorphismTime":38,"PepExecIsomorLightMatchTime":34,"PepExecutionCompleteTime":40,"PepCoverageRatio":0.9767441860465116,"PeptideName":"nazumamide A"},{"PepNumAtoms":78,"PeptideID":"282","PepExecTilingTime":0,"PepExecIsomorStrictMatchTime":8,"PepExecIsomorphismTime":8,"PepExecIsomorLightMatchTime":0,"PepExecutionCompleteTime":8,"PepCoverageRatio":1.0,"PeptideName":"aureobasidin B"},{"PepNumAtoms":47,"PeptideID":"488","PepExecTilingTime":0,"PepExecIsomorStrictMatchTime":6,"PepExecIsomorphismTime":16,"PepExecIsomorLightMatchTime":10,"PepExecutionCompleteTime":16,"PepCoverageRatio":1.0,"PeptideName":"miraziridine A"},{"PepNumAtoms":68,"PeptideID":"289","PepExecTilingTime":0,"PepExecIsomorStrictMatchTime":7,"PepExecIsomorphismTime":7,"PepExecIsomorLightMatchTime":0,"PepExecutionCompleteTime":7,"PepCoverageRatio":1.0,"PeptideName":"PF1022A"},{"PepNumAtoms":78,"PeptideID":"287","PepExecTilingTime":0,"PepExecIsomorStrictMatchTime":8,"PepExecIsomorphismTime":8,"PepExecIsomorLightMatchTime":0,"PepExecutionCompleteTime":8,"PepCoverageRatio":1.0,"PeptideName":"aureobasidin G"},{"PepNumAtoms":101,"PeptideID":"681","PepExecTilingTime":0,"PepExecIsomorStrictMatchTime":11,"PepExecIsomorphismTime":11,"PepExecIsomorLightMatchTime":0,"PepExecutionCompleteTime":11,"PepCoverageRatio":1.0,"PeptideName":"vancomycin"},{"PepNumAtoms":62,"PeptideID":"678","PepExecTilingTime":0,"PepExecIsomorStrictMatchTime":6,"PepExecIsomorphismTime":6,"PepExecIsomorLightMatchTime":0,"PepExecutionCompleteTime":6,"PepCoverageRatio":1.0,"PeptideName":"pristinamycin IC"},{"PepNumAtoms":62,"PeptideID":"677","PepExecTilingTime":0,"PepExecIsomorStrictMatchTime":6,"PepExecIsomorphismTime":6,"PepExecIsomorLightMatchTime":0,"PepExecutionCompleteTime":6,"PepCoverageRatio":1.0,"PeptideName":"pristinamycin IB"},{"PepNumAtoms":63,"PeptideID":"676","PepExecTilingTime":0,"PepExecIsomorStrictMatchTime":6,"PepExecIsomorphismTime":6,"PepExecIsomorLightMatchTime":0,"PepExecutionCompleteTime":6,"PepCoverageRatio":1.0,"PeptideName":"pristinamycin IA"},{"PepNumAtoms":63,"PeptideID":"672","PepExecTilingTime":0,"PepExecIsomorStrictMatchTime":5,"PepExecIsomorphismTime":5,"PepExecIsomorLightMatchTime":0,"PepExecutionCompleteTime":5,"PepCoverageRatio":1.0,"PeptideName":"viridogrisein"},{"PepNumAtoms":57,"PeptideID":"270","PepExecTilingTime":0,"PepExecIsomorStrictMatchTime":6,"PepExecIsomorphismTime":17,"PepExecIsomorLightMatchTime":11,"PepExecutionCompleteTime":17,"PepCoverageRatio":1.0,"PeptideName":"anabaenopeptin J"},{"PepNumAtoms":61,"PeptideID":"476","PepExecTilingTime":0,"PepExecIsomorStrictMatchTime":6,"PepExecIsomorphismTime":18,"PepExecIsomorLightMatchTime":12,"PepExecutionCompleteTime":18,"PepCoverageRatio":1.0,"PeptideName":"cyclotheonamide E2"},{"PepNumAtoms":62,"PeptideID":"475","PepExecTilingTime":0,"PepExecIsomorStrictMatchTime":6,"PepExecIsomorphismTime":18,"PepExecIsomorLightMatchTime":12,"PepExecutionCompleteTime":18,"PepCoverageRatio":1.0,"PeptideName":"cyclotheonamide E"},{"PepNumAtoms":60,"PeptideID":"478","PepExecTilingTime":0,"PepExecIsomorStrictMatchTime":7,"PepExecIsomorphismTime":19,"PepExecIsomorLightMatchTime":12,"PepExecutionCompleteTime":19,"PepCoverageRatio":1.0,"PeptideName":"cyclotheonamide E4"},{"PepNumAtoms":63,"PeptideID":"272","PepExecTilingTime":0,"PepExecIsomorStrictMatchTime":6,"PepExecIsomorphismTime":41,"PepExecIsomorLightMatchTime":35,"PepExecutionCompleteTime":41,"PepCoverageRatio":1.0,"PeptideName":"ferintoic acid A"},{"PepNumAtoms":59,"PeptideID":"477","PepExecTilingTime":2,"PepExecIsomorStrictMatchTime":6,"PepExecIsomorphismTime":29,"PepExecIsomorLightMatchTime":23,"PepExecutionCompleteTime":31,"PepCoverageRatio":0.9830508474576272,"PeptideName":"cyclotheonamide E3"},{"PepNumAtoms":62,"PeptideID":"271","PepExecTilingTime":1,"PepExecIsomorStrictMatchTime":7,"PepExecIsomorphismTime":18,"PepExecIsomorLightMatchTime":11,"PepExecutionCompleteTime":19,"PepCoverageRatio":1.0,"PeptideName":"anabaenopeptin T"},{"PepNumAtoms":60,"PeptideID":"679","PepExecTilingTime":0,"PepExecIsomorStrictMatchTime":5,"PepExecIsomorphismTime":5,"PepExecIsomorLightMatchTime":0,"PepExecutionCompleteTime":5,"PepCoverageRatio":1.0,"PeptideName":"virginiamycin S"},{"PepNumAtoms":64,"PeptideID":"273","PepExecTilingTime":1,"PepExecIsomorStrictMatchTime":6,"PepExecIsomorphismTime":41,"PepExecIsomorLightMatchTime":35,"PepExecutionCompleteTime":42,"PepCoverageRatio":1.0,"PeptideName":"ferintoic acid B"},{"PepNumAtoms":61,"PeptideID":"479","PepExecTilingTime":0,"PepExecIsomorStrictMatchTime":7,"PepExecIsomorphismTime":19,"PepExecIsomorLightMatchTime":12,"PepExecutionCompleteTime":19,"PepCoverageRatio":1.0,"PeptideName":"cyclotheonamide E5"},{"PepNumAtoms":61,"PeptideID":"276","PepExecTilingTime":1,"PepExecIsomorStrictMatchTime":7,"PepExecIsomorphismTime":17,"PepExecIsomorLightMatchTime":10,"PepExecutionCompleteTime":18,"PepCoverageRatio":1.0,"PeptideName":"oscillamide B"},{"PepNumAtoms":69,"PeptideID":"277","PepExecTilingTime":0,"PepExecIsomorStrictMatchTime":7,"PepExecIsomorphismTime":18,"PepExecIsomorLightMatchTime":11,"PepExecutionCompleteTime":18,"PepCoverageRatio":1.0,"PeptideName":"oscillamide C"},{"PepNumAtoms":62,"PeptideID":"278","PepExecTilingTime":2,"PepExecIsomorStrictMatchTime":6,"PepExecIsomorphismTime":32,"PepExecIsomorLightMatchTime":26,"PepExecutionCompleteTime":34,"PepCoverageRatio":1.0,"PeptideName":"oscillamide Y"},{"PepNumAtoms":59,"PeptideID":"279","PepExecTilingTime":0,"PepExecIsomorStrictMatchTime":6,"PepExecIsomorphismTime":6,"PepExecIsomorLightMatchTime":0,"PepExecutionCompleteTime":6,"PepCoverageRatio":1.0,"PeptideName":"nodularin R"},{"PepNumAtoms":53,"PeptideID":"471","PepExecTilingTime":1,"PepExecIsomorStrictMatchTime":5,"PepExecIsomorphismTime":29,"PepExecIsomorLightMatchTime":24,"PepExecutionCompleteTime":30,"PepCoverageRatio":1.0,"PeptideName":"cyclotheonamide A"},{"PepNumAtoms":138,"PeptideID":"875","PepExecTilingTime":0,"PepExecIsomorStrictMatchTime":20,"PepExecIsomorphismTime":20,"PepExecIsomorLightMatchTime":0,"PepExecutionCompleteTime":20,"PepCoverageRatio":1.0,"PeptideName":"tolaasin A"},{"PepNumAtoms":21,"PeptideID":"670","PepExecTilingTime":0,"PepExecIsomorStrictMatchTime":3,"PepExecIsomorphismTime":3,"PepExecIsomorLightMatchTime":0,"PepExecutionCompleteTime":3,"PepCoverageRatio":1.0,"PeptideName":"phosphinothricin tripeptide"},{"PepNumAtoms":141,"PeptideID":"876","PepExecTilingTime":0,"PepExecIsomorStrictMatchTime":21,"PepExecIsomorphismTime":21,"PepExecIsomorLightMatchTime":0,"PepExecutionCompleteTime":21,"PepCoverageRatio":1.0,"PeptideName":"tolaasin C"},{"PepNumAtoms":81,"PeptideID":"1128","PepExecTilingTime":1,"PepExecIsomorStrictMatchTime":6,"PepExecIsomorphismTime":21,"PepExecIsomorLightMatchTime":15,"PepExecutionCompleteTime":22,"PepCoverageRatio":1.0,"PeptideName":"quinomycin C"},{"PepNumAtoms":76,"PeptideID":"1129","PepExecTilingTime":0,"PepExecIsomorStrictMatchTime":5,"PepExecIsomorphismTime":5,"PepExecIsomorLightMatchTime":0,"PepExecutionCompleteTime":5,"PepCoverageRatio":1.0,"PeptideName":"triostin A"},{"PepNumAtoms":77,"PeptideID":"1126","PepExecTilingTime":5,"PepExecIsomorStrictMatchTime":6,"PepExecIsomorphismTime":30,"PepExecIsomorLightMatchTime":24,"PepExecutionCompleteTime":35,"PepCoverageRatio":1.0,"PeptideName":"echinomycin"},{"PepNumAtoms":79,"PeptideID":"1127","PepExecTilingTime":0,"PepExecIsomorStrictMatchTime":6,"PepExecIsomorphismTime":18,"PepExecIsomorLightMatchTime":12,"PepExecutionCompleteTime":18,"PepCoverageRatio":1.0,"PeptideName":"quinomycin B"},{"PepNumAtoms":71,"PeptideID":"109","PepExecTilingTime":0,"PepExecIsomorStrictMatchTime":7,"PepExecIsomorphismTime":7,"PepExecIsomorLightMatchTime":0,"PepExecutionCompleteTime":7,"PepCoverageRatio":1.0,"PeptideName":"microcystin LR"},{"PepNumAtoms":75,"PeptideID":"108","PepExecTilingTime":0,"PepExecIsomorStrictMatchTime":8,"PepExecIsomorphismTime":8,"PepExecIsomorLightMatchTime":0,"PepExecutionCompleteTime":8,"PepCoverageRatio":1.0,"PeptideName":"microcystin YR"},{"PepNumAtoms":80,"PeptideID":"1130","PepExecTilingTime":0,"PepExecIsomorStrictMatchTime":6,"PepExecIsomorphismTime":6,"PepExecIsomorLightMatchTime":0,"PepExecutionCompleteTime":6,"PepCoverageRatio":1.0,"PeptideName":"triostin C"},{"PepNumAtoms":74,"PeptideID":"107","PepExecTilingTime":0,"PepExecIsomorStrictMatchTime":7,"PepExecIsomorphismTime":7,"PepExecIsomorLightMatchTime":0,"PepExecutionCompleteTime":7,"PepCoverageRatio":1.0,"PeptideName":"microcystin RR"},{"PepNumAtoms":65,"PeptideID":"106","PepExecTilingTime":0,"PepExecIsomorStrictMatchTime":7,"PepExecIsomorphismTime":7,"PepExecIsomorLightMatchTime":0,"PepExecutionCompleteTime":7,"PepCoverageRatio":1.0,"PeptideName":"microcystin LA"},{"PepNumAtoms":47,"PeptideID":"105","PepExecTilingTime":0,"PepExecIsomorStrictMatchTime":5,"PepExecIsomorphismTime":5,"PepExecIsomorLightMatchTime":0,"PepExecutionCompleteTime":5,"PepCoverageRatio":1.0,"PeptideName":"enniatin G"},{"PepNumAtoms":48,"PeptideID":"104","PepExecTilingTime":12,"PepExecIsomorStrictMatchTime":5,"PepExecIsomorphismTime":276,"PepExecIsomorLightMatchTime":271,"PepExecutionCompleteTime":288,"PepCoverageRatio":1.0,"PeptideName":"enniatin F"},{"PepNumAtoms":47,"PeptideID":"99","PepExecTilingTime":0,"PepExecIsomorStrictMatchTime":5,"PepExecIsomorphismTime":5,"PepExecIsomorLightMatchTime":0,"PepExecutionCompleteTime":5,"PepCoverageRatio":1.0,"PeptideName":"enniatin I"},{"PepNumAtoms":46,"PeptideID":"102","PepExecTilingTime":0,"PepExecIsomorStrictMatchTime":5,"PepExecIsomorphismTime":5,"PepExecIsomorLightMatchTime":0,"PepExecutionCompleteTime":5,"PepCoverageRatio":1.0,"PeptideName":"enniatin B4"},{"PepNumAtoms":48,"PeptideID":"101","PepExecTilingTime":0,"PepExecIsomorStrictMatchTime":5,"PepExecIsomorphismTime":5,"PepExecIsomorLightMatchTime":0,"PepExecutionCompleteTime":5,"PepCoverageRatio":1.0,"PeptideName":"MK1688"},{"PepNumAtoms":48,"PeptideID":"100","PepExecTilingTime":0,"PepExecIsomorStrictMatchTime":5,"PepExecIsomorphismTime":5,"PepExecIsomorLightMatchTime":0,"PepExecutionCompleteTime":5,"PepCoverageRatio":1.0,"PeptideName":"enniatin C"},{"PepNumAtoms":46,"PeptideID":"98","PepExecTilingTime":0,"PepExecIsomorStrictMatchTime":5,"PepExecIsomorphismTime":5,"PepExecIsomorLightMatchTime":0,"PepExecutionCompleteTime":5,"PepCoverageRatio":1.0,"PeptideName":"enniatin  H"},{"PepNumAtoms":64,"PeptideID":"391","PepExecTilingTime":0,"PepExecIsomorStrictMatchTime":6,"PepExecIsomorphismTime":6,"PepExecIsomorLightMatchTime":0,"PepExecutionCompleteTime":6,"PepCoverageRatio":1.0,"PeptideName":"kahalalide A"},{"PepNumAtoms":110,"PeptideID":"693","PepExecTilingTime":0,"PepExecIsomorStrictMatchTime":13,"PepExecIsomorphismTime":13,"PepExecIsomorLightMatchTime":0,"PepExecutionCompleteTime":13,"PepCoverageRatio":1.0,"PeptideName":"eremomycin"},{"PepNumAtoms":105,"PeptideID":"390","PepExecTilingTime":0,"PepExecIsomorStrictMatchTime":13,"PepExecIsomorphismTime":13,"PepExecIsomorLightMatchTime":0,"PepExecutionCompleteTime":13,"PepCoverageRatio":1.0,"PeptideName":"kahalalide F"},{"PepNumAtoms":46,"PeptideID":"95","PepExecTilingTime":1,"PepExecIsomorStrictMatchTime":4,"PepExecIsomorphismTime":4,"PepExecIsomorLightMatchTime":0,"PepExecutionCompleteTime":5,"PepCoverageRatio":1.0,"PeptideName":"enniatin B1"},{"PepNumAtoms":45,"PeptideID":"94","PepExecTilingTime":0,"PepExecIsomorStrictMatchTime":4,"PepExecIsomorphismTime":4,"PepExecIsomorLightMatchTime":0,"PepExecutionCompleteTime":4,"PepCoverageRatio":1.0,"PeptideName":"enniatin B"},{"PepNumAtoms":47,"PeptideID":"93","PepExecTilingTime":4,"PepExecIsomorStrictMatchTime":5,"PepExecIsomorphismTime":32,"PepExecIsomorLightMatchTime":27,"PepExecutionCompleteTime":36,"PepCoverageRatio":0.9787234042553191,"PeptideName":"enniatin A1"},{"PepNumAtoms":60,"PeptideID":"395","PepExecTilingTime":0,"PepExecIsomorStrictMatchTime":7,"PepExecIsomorphismTime":7,"PepExecIsomorLightMatchTime":0,"PepExecutionCompleteTime":7,"PepCoverageRatio":1.0,"PeptideName":"kahalalide E"},{"PepNumAtoms":43,"PeptideID":"394","PepExecTilingTime":0,"PepExecIsomorStrictMatchTime":5,"PepExecIsomorphismTime":5,"PepExecIsomorLightMatchTime":0,"PepExecutionCompleteTime":5,"PepCoverageRatio":1.0,"PeptideName":"kahalalide D"},{"PepNumAtoms":23,"PeptideID":"294","PepExecTilingTime":0,"PepExecIsomorStrictMatchTime":4,"PepExecIsomorphismTime":4,"PepExecIsomorLightMatchTime":0,"PepExecutionCompleteTime":4,"PepCoverageRatio":1.0,"PeptideName":"coronatine"},{"PepNumAtoms":100,"PeptideID":"499","PepExecTilingTime":0,"PepExecIsomorStrictMatchTime":11,"PepExecIsomorphismTime":11,"PepExecIsomorLightMatchTime":0,"PepExecutionCompleteTime":11,"PepCoverageRatio":1.0,"PeptideName":"theonellapeptolide Ie"},{"PepNumAtoms":45,"PeptideID":"1112","PepExecTilingTime":1,"PepExecIsomorStrictMatchTime":5,"PepExecIsomorphismTime":57,"PepExecIsomorLightMatchTime":52,"PepExecutionCompleteTime":58,"PepCoverageRatio":1.0,"PeptideName":"apicidin C"},{"PepNumAtoms":104,"PeptideID":"496","PepExecTilingTime":7,"PepExecIsomorStrictMatchTime":10,"PepExecIsomorphismTime":48,"PepExecIsomorLightMatchTime":38,"PepExecutionCompleteTime":55,"PepCoverageRatio":0.9903846153846154,"PeptideName":"halicylindramide E"},{"PepNumAtoms":114,"PeptideID":"495","PepExecTilingTime":0,"PepExecIsomorStrictMatchTime":12,"PepExecIsomorphismTime":17,"PepExecIsomorLightMatchTime":5,"PepExecutionCompleteTime":17,"PepCoverageRatio":1.0,"PeptideName":"halicylindramide D"},{"PepNumAtoms":122,"PeptideID":"492","PepExecTilingTime":0,"PepExecIsomorStrictMatchTime":13,"PepExecIsomorphismTime":29,"PepExecIsomorLightMatchTime":16,"PepExecutionCompleteTime":29,"PepCoverageRatio":1.0,"PeptideName":"halicylindramide A"},{"PepNumAtoms":122,"PeptideID":"493","PepExecTilingTime":1,"PepExecIsomorStrictMatchTime":13,"PepExecIsomorphismTime":28,"PepExecIsomorLightMatchTime":15,"PepExecutionCompleteTime":29,"PepCoverageRatio":1.0,"PeptideName":"halicylindramide B"},{"PepNumAtoms":123,"PeptideID":"494","PepExecTilingTime":1,"PepExecIsomorStrictMatchTime":13,"PepExecIsomorphismTime":28,"PepExecIsomorLightMatchTime":15,"PepExecutionCompleteTime":29,"PepCoverageRatio":1.0,"PeptideName":"halicylindramide C"},{"PepNumAtoms":92,"PeptideID":"298","PepExecTilingTime":0,"PepExecIsomorStrictMatchTime":9,"PepExecIsomorphismTime":9,"PepExecIsomorLightMatchTime":0,"PepExecutionCompleteTime":9,"PepCoverageRatio":1.0,"PeptideName":"tyrocidine A"},{"PepNumAtoms":95,"PeptideID":"299","PepExecTilingTime":0,"PepExecIsomorStrictMatchTime":9,"PepExecIsomorphismTime":9,"PepExecIsomorLightMatchTime":0,"PepExecutionCompleteTime":9,"PepCoverageRatio":1.0,"PeptideName":"tyrocidine B"},{"PepNumAtoms":106,"PeptideID":"396","PepExecTilingTime":0,"PepExecIsomorStrictMatchTime":13,"PepExecIsomorphismTime":13,"PepExecIsomorLightMatchTime":0,"PepExecutionCompleteTime":13,"PepCoverageRatio":1.0,"PeptideName":"kahalalide G"},{"PepNumAtoms":102,"PeptideID":"691","PepExecTilingTime":0,"PepExecIsomorStrictMatchTime":12,"PepExecIsomorphismTime":12,"PepExecIsomorLightMatchTime":0,"PepExecutionCompleteTime":12,"PepCoverageRatio":1.0,"PeptideName":"chloroorienticin E"},{"PepNumAtoms":110,"PeptideID":"692","PepExecTilingTime":0,"PepExecIsomorStrictMatchTime":14,"PepExecIsomorphismTime":14,"PepExecIsomorLightMatchTime":0,"PepExecutionCompleteTime":14,"PepCoverageRatio":1.0,"PeptideName":"decaplanin"},{"PepNumAtoms":112,"PeptideID":"690","PepExecTilingTime":1,"PepExecIsomorStrictMatchTime":13,"PepExecIsomorphismTime":13,"PepExecIsomorLightMatchTime":0,"PepExecutionCompleteTime":14,"PepCoverageRatio":1.0,"PeptideName":"chloroorienticin D"},{"PepNumAtoms":46,"PeptideID":"646","PepExecTilingTime":0,"PepExecIsomorStrictMatchTime":5,"PepExecIsomorphismTime":5,"PepExecIsomorLightMatchTime":0,"PepExecutionCompleteTime":5,"PepCoverageRatio":1.0,"PeptideName":"globomycin"},{"PepNumAtoms":91,"PeptideID":"241","PepExecTilingTime":0,"PepExecIsomorStrictMatchTime":10,"PepExecIsomorphismTime":10,"PepExecIsomorLightMatchTime":0,"PepExecutionCompleteTime":10,"PepCoverageRatio":1.0,"PeptideName":"actinomycin pip1-beta"},{"PepNumAtoms":45,"PeptideID":"648","PepExecTilingTime":0,"PepExecIsomorStrictMatchTime":6,"PepExecIsomorphismTime":6,"PepExecIsomorLightMatchTime":0,"PepExecutionCompleteTime":6,"PepCoverageRatio":1.0,"PeptideName":"isariin"},{"PepNumAtoms":66,"PeptideID":"1145","PepExecTilingTime":1,"PepExecIsomorStrictMatchTime":7,"PepExecIsomorphismTime":67,"PepExecIsomorLightMatchTime":60,"PepExecutionCompleteTime":68,"PepCoverageRatio":1.0,"PeptideName":"somamide B"},{"PepNumAtoms":127,"PeptideID":"383","PepExecTilingTime":0,"PepExecIsomorStrictMatchTime":19,"PepExecIsomorphismTime":19,"PepExecIsomorLightMatchTime":0,"PepExecutionCompleteTime":19,"PepCoverageRatio":1.0,"PeptideName":"didemnin Y"},{"PepNumAtoms":118,"PeptideID":"382","PepExecTilingTime":0,"PepExecIsomorStrictMatchTime":18,"PepExecIsomorphismTime":18,"PepExecIsomorLightMatchTime":0,"PepExecutionCompleteTime":18,"PepCoverageRatio":1.0,"PeptideName":"didemnin X"},{"PepNumAtoms":38,"PeptideID":"640","PepExecTilingTime":0,"PepExecIsomorStrictMatchTime":4,"PepExecIsomorphismTime":4,"PepExecIsomorLightMatchTime":0,"PepExecutionCompleteTime":4,"PepCoverageRatio":1.0,"PeptideName":"capreomycin IIA"},{"PepNumAtoms":37,"PeptideID":"641","PepExecTilingTime":0,"PepExecIsomorStrictMatchTime":4,"PepExecIsomorphismTime":4,"PepExecIsomorLightMatchTime":0,"PepExecutionCompleteTime":4,"PepCoverageRatio":1.0,"PeptideName":"capreomycin IIB"},{"PepNumAtoms":74,"PeptideID":"388","PepExecTilingTime":0,"PepExecIsomorStrictMatchTime":9,"PepExecIsomorphismTime":9,"PepExecIsomorLightMatchTime":0,"PepExecutionCompleteTime":9,"PepCoverageRatio":1.0,"PeptideName":"tamandarin A"},{"PepNumAtoms":136,"PeptideID":"243","PepExecTilingTime":0,"PepExecIsomorStrictMatchTime":14,"PepExecIsomorphismTime":14,"PepExecIsomorLightMatchTime":0,"PepExecutionCompleteTime":14,"PepCoverageRatio":1.0,"PeptideName":"Val-gramicidin A"},{"PepNumAtoms":92,"PeptideID":"242","PepExecTilingTime":0,"PepExecIsomorStrictMatchTime":10,"PepExecIsomorphismTime":10,"PepExecIsomorLightMatchTime":0,"PepExecutionCompleteTime":10,"PepCoverageRatio":1.0,"PeptideName":"actinomycin pip2"},{"PepNumAtoms":82,"PeptideID":"249","PepExecTilingTime":0,"PepExecIsomorStrictMatchTime":10,"PepExecIsomorphismTime":10,"PepExecIsomorLightMatchTime":0,"PepExecutionCompleteTime":10,"PepCoverageRatio":1.0,"PeptideName":"gramicidin S"},{"PepNumAtoms":46,"PeptideID":"639","PepExecTilingTime":0,"PepExecIsomorStrictMatchTime":5,"PepExecIsomorphismTime":5,"PepExecIsomorLightMatchTime":0,"PepExecutionCompleteTime":5,"PepCoverageRatio":1.0,"PeptideName":"capreomycin IB"},{"PepNumAtoms":38,"PeptideID":"637","PepExecTilingTime":0,"PepExecIsomorStrictMatchTime":4,"PepExecIsomorphismTime":4,"PepExecIsomorLightMatchTime":0,"PepExecutionCompleteTime":4,"PepCoverageRatio":1.0,"PeptideName":"tuberactinamine"},{"PepNumAtoms":70,"PeptideID":"1133","PepExecTilingTime":0,"PepExecIsomorStrictMatchTime":7,"PepExecIsomorphismTime":51,"PepExecIsomorLightMatchTime":44,"PepExecutionCompleteTime":51,"PepCoverageRatio":1.0,"PeptideName":"micropeptin B"},{"PepNumAtoms":47,"PeptideID":"638","PepExecTilingTime":0,"PepExecIsomorStrictMatchTime":5,"PepExecIsomorphismTime":5,"PepExecIsomorLightMatchTime":0,"PepExecutionCompleteTime":5,"PepCoverageRatio":1.0,"PeptideName":"capreomycin IA"},{"PepNumAtoms":48,"PeptideID":"635","PepExecTilingTime":1,"PepExecIsomorStrictMatchTime":5,"PepExecIsomorphismTime":13,"PepExecIsomorLightMatchTime":8,"PepExecutionCompleteTime":14,"PepCoverageRatio":1.0,"PeptideName":"tuberactinomycin N"},{"PepNumAtoms":45,"PeptideID":"774","PepExecTilingTime":0,"PepExecIsomorStrictMatchTime":6,"PepExecIsomorphismTime":6,"PepExecIsomorLightMatchTime":0,"PepExecutionCompleteTime":6,"PepCoverageRatio":1.0,"PeptideName":"isariin C"},{"PepNumAtoms":47,"PeptideID":"636","PepExecTilingTime":0,"PepExecIsomorStrictMatchTime":4,"PepExecIsomorphismTime":4,"PepExecIsomorLightMatchTime":0,"PepExecutionCompleteTime":4,"PepCoverageRatio":1.0,"PeptideName":"tuberactinomycin O"},{"PepNumAtoms":86,"PeptideID":"230","PepExecTilingTime":0,"PepExecIsomorStrictMatchTime":7,"PepExecIsomorphismTime":7,"PepExecIsomorLightMatchTime":0,"PepExecutionCompleteTime":7,"PepCoverageRatio":1.0,"PeptideName":"actinomycin II"},{"PepNumAtoms":45,"PeptideID":"775","PepExecTilingTime":0,"PepExecIsomorStrictMatchTime":7,"PepExecIsomorphismTime":7,"PepExecIsomorLightMatchTime":0,"PepExecutionCompleteTime":7,"PepCoverageRatio":1.0,"PeptideName":"isariin D"},{"PepNumAtoms":60,"PeptideID":"370","PepExecTilingTime":0,"PepExecIsomorStrictMatchTime":6,"PepExecIsomorphismTime":6,"PepExecIsomorLightMatchTime":0,"PepExecutionCompleteTime":6,"PepCoverageRatio":1.0,"PeptideName":"dolastatin 15"},{"PepNumAtoms":48,"PeptideID":"633","PepExecTilingTime":0,"PepExecIsomorStrictMatchTime":5,"PepExecIsomorphismTime":17,"PepExecIsomorLightMatchTime":12,"PepExecutionCompleteTime":17,"PepCoverageRatio":1.0,"PeptideName":"viomycin"},{"PepNumAtoms":49,"PeptideID":"634","PepExecTilingTime":1,"PepExecIsomorStrictMatchTime":5,"PepExecIsomorphismTime":25,"PepExecIsomorLightMatchTime":20,"PepExecutionCompleteTime":26,"PepCoverageRatio":1.0,"PeptideName":"tuberactinomycin A"},{"PepNumAtoms":70,"PeptideID":"371","PepExecTilingTime":0,"PepExecIsomorStrictMatchTime":7,"PepExecIsomorphismTime":7,"PepExecIsomorLightMatchTime":0,"PepExecutionCompleteTime":7,"PepCoverageRatio":1.0,"PeptideName":"dolastatin 11"},{"PepNumAtoms":69,"PeptideID":"372","PepExecTilingTime":0,"PepExecIsomorStrictMatchTime":7,"PepExecIsomorphismTime":7,"PepExecIsomorLightMatchTime":0,"PepExecutionCompleteTime":7,"PepCoverageRatio":1.0,"PeptideName":"dolastatin 12"},{"PepNumAtoms":35,"PeptideID":"632","PepExecTilingTime":3,"PepExecIsomorStrictMatchTime":4,"PepExecIsomorphismTime":18,"PepExecIsomorLightMatchTime":14,"PepExecutionCompleteTime":21,"PepCoverageRatio":1.0,"PeptideName":"allomalformin"},{"PepNumAtoms":79,"PeptideID":"373","PepExecTilingTime":0,"PepExecIsomorStrictMatchTime":10,"PepExecIsomorphismTime":10,"PepExecIsomorLightMatchTime":0,"PepExecutionCompleteTime":10,"PepCoverageRatio":1.0,"PeptideName":"dehydrodidemnin B"},{"PepNumAtoms":35,"PeptideID":"630","PepExecTilingTime":27,"PepExecIsomorStrictMatchTime":3,"PepExecIsomorphismTime":70,"PepExecIsomorLightMatchTime":67,"PepExecutionCompleteTime":97,"PepCoverageRatio":0.8857142857142857,"PeptideName":"malformin C"},{"PepNumAtoms":99,"PeptideID":"502","PepExecTilingTime":0,"PepExecIsomorStrictMatchTime":11,"PepExecIsomorphismTime":28,"PepExecIsomorLightMatchTime":17,"PepExecutionCompleteTime":28,"PepCoverageRatio":1.0,"PeptideName":"theonellapeptolide IIIe"},{"PepNumAtoms":92,"PeptideID":"239","PepExecTilingTime":0,"PepExecIsomorStrictMatchTime":9,"PepExecIsomorphismTime":9,"PepExecIsomorLightMatchTime":0,"PepExecutionCompleteTime":9,"PepCoverageRatio":1.0,"PeptideName":"actinomycin Z5"},{"PepNumAtoms":67,"PeptideID":"375","PepExecTilingTime":0,"PepExecIsomorStrictMatchTime":8,"PepExecIsomorphismTime":8,"PepExecIsomorLightMatchTime":0,"PepExecutionCompleteTime":8,"PepCoverageRatio":1.0,"PeptideName":"didemnin A"},{"PepNumAtoms":79,"PeptideID":"374","PepExecTilingTime":0,"PepExecIsomorStrictMatchTime":9,"PepExecIsomorphismTime":9,"PepExecIsomorLightMatchTime":0,"PepExecutionCompleteTime":9,"PepCoverageRatio":1.0,"PeptideName":"didemnin B"},{"PepNumAtoms":78,"PeptideID":"377","PepExecTilingTime":1,"PepExecIsomorStrictMatchTime":9,"PepExecIsomorphismTime":30,"PepExecIsomorLightMatchTime":21,"PepExecutionCompleteTime":31,"PepCoverageRatio":1.0,"PeptideName":"nordidemnin B"},{"PepNumAtoms":72,"PeptideID":"376","PepExecTilingTime":0,"PepExecIsomorStrictMatchTime":8,"PepExecIsomorphismTime":8,"PepExecIsomorLightMatchTime":0,"PepExecutionCompleteTime":8,"PepCoverageRatio":1.0,"PeptideName":"didemnin C"},{"PepNumAtoms":91,"PeptideID":"232","PepExecTilingTime":0,"PepExecIsomorStrictMatchTime":9,"PepExecIsomorphismTime":9,"PepExecIsomorLightMatchTime":0,"PepExecutionCompleteTime":9,"PepCoverageRatio":1.0,"PeptideName":"actinomycin V"},{"PepNumAtoms":88,"PeptideID":"231","PepExecTilingTime":0,"PepExecIsomorStrictMatchTime":8,"PepExecIsomorphismTime":8,"PepExecIsomorLightMatchTime":0,"PepExecutionCompleteTime":8,"PepCoverageRatio":1.0,"PeptideName":"actinomycin III"},{"PepNumAtoms":39,"PeptideID":"1141","PepExecTilingTime":55,"PepExecIsomorStrictMatchTime":4,"PepExecIsomorphismTime":35,"PepExecIsomorLightMatchTime":31,"PepExecutionCompleteTime":90,"PepCoverageRatio":0.9743589743589743,"PeptideName":"coelichelin"},{"PepNumAtoms":92,"PeptideID":"234","PepExecTilingTime":0,"PepExecIsomorStrictMatchTime":9,"PepExecIsomorphismTime":9,"PepExecIsomorLightMatchTime":0,"PepExecutionCompleteTime":9,"PepCoverageRatio":1.0,"PeptideName":"actinomycin VII"},{"PepNumAtoms":91,"PeptideID":"233","PepExecTilingTime":0,"PepExecIsomorStrictMatchTime":10,"PepExecIsomorphismTime":10,"PepExecIsomorLightMatchTime":0,"PepExecutionCompleteTime":10,"PepCoverageRatio":1.0,"PeptideName":"actinomycin VI"},{"PepNumAtoms":93,"PeptideID":"235","PepExecTilingTime":0,"PepExecIsomorStrictMatchTime":8,"PepExecIsomorphismTime":8,"PepExecIsomorLightMatchTime":0,"PepExecutionCompleteTime":8,"PepCoverageRatio":1.0,"PeptideName":"actinomycin Z1"},{"PepNumAtoms":93,"PeptideID":"237","PepExecTilingTime":0,"PepExecIsomorStrictMatchTime":9,"PepExecIsomorphismTime":9,"PepExecIsomorLightMatchTime":0,"PepExecutionCompleteTime":9,"PepCoverageRatio":1.0,"PeptideName":"actinomycin Z3"},{"PepNumAtoms":55,"PeptideID":"668","PepExecTilingTime":28,"PepExecIsomorStrictMatchTime":6,"PepExecIsomorphismTime":116,"PepExecIsomorLightMatchTime":110,"PepExecutionCompleteTime":144,"PepCoverageRatio":0.9272727272727272,"PeptideName":"edeine F"},{"PepNumAtoms":60,"PeptideID":"262","PepExecTilingTime":0,"PepExecIsomorStrictMatchTime":6,"PepExecIsomorphismTime":16,"PepExecIsomorLightMatchTime":10,"PepExecutionCompleteTime":16,"PepCoverageRatio":1.0,"PeptideName":"anabaenopeptin B"},{"PepNumAtoms":352,"PeptideID":"669","PepExecTilingTime":0,"PepExecIsomorStrictMatchTime":69,"PepExecIsomorphismTime":69,"PepExecIsomorLightMatchTime":0,"PepExecutionCompleteTime":69,"PepCoverageRatio":1.0,"PeptideName":"polytheonamide B"},{"PepNumAtoms":92,"PeptideID":"766","PepExecTilingTime":0,"PepExecIsomorStrictMatchTime":12,"PepExecIsomorphismTime":12,"PepExecIsomorLightMatchTime":0,"PepExecutionCompleteTime":12,"PepCoverageRatio":1.0,"PeptideName":"friulimicin B"},{"PepNumAtoms":40,"PeptideID":"760","PepExecTilingTime":0,"PepExecIsomorStrictMatchTime":4,"PepExecIsomorphismTime":4,"PepExecIsomorLightMatchTime":0,"PepExecutionCompleteTime":4,"PepCoverageRatio":1.0,"PeptideName":"desmethylDestruxin B"},{"PepNumAtoms":167,"PeptideID":"762","PepExecTilingTime":3,"PepExecIsomorStrictMatchTime":21,"PepExecIsomorphismTime":67,"PepExecIsomorLightMatchTime":46,"PepExecutionCompleteTime":70,"PepCoverageRatio":1.0,"PeptideName":"enduracidin B"},{"PepNumAtoms":108,"PeptideID":"660","PepExecTilingTime":4,"PepExecIsomorStrictMatchTime":10,"PepExecIsomorphismTime":19,"PepExecIsomorLightMatchTime":9,"PepExecutionCompleteTime":23,"PepCoverageRatio":1.0,"PeptideName":"mycobacillin"},{"PepNumAtoms":166,"PeptideID":"661","PepExecTilingTime":2,"PepExecIsomorStrictMatchTime":20,"PepExecIsomorphismTime":66,"PepExecIsomorLightMatchTime":46,"PepExecutionCompleteTime":68,"PepCoverageRatio":1.0,"PeptideName":"enduracidin A"},{"PepNumAtoms":180,"PeptideID":"662","PepExecTilingTime":0,"PepExecIsomorStrictMatchTime":26,"PepExecIsomorphismTime":26,"PepExecIsomorLightMatchTime":0,"PepExecutionCompleteTime":26,"PepCoverageRatio":1.0,"PeptideName":"ramoplanin A1"},{"PepNumAtoms":36,"PeptideID":"663","PepExecTilingTime":1,"PepExecIsomorStrictMatchTime":3,"PepExecIsomorphismTime":52,"PepExecIsomorLightMatchTime":49,"PepExecutionCompleteTime":53,"PepCoverageRatio":1.0,"PeptideName":"nocardicin A"},{"PepNumAtoms":43,"PeptideID":"664","PepExecTilingTime":1,"PepExecIsomorStrictMatchTime":4,"PepExecIsomorphismTime":27,"PepExecIsomorLightMatchTime":23,"PepExecutionCompleteTime":28,"PepCoverageRatio":1.0,"PeptideName":"antipain"},{"PepNumAtoms":53,"PeptideID":"665","PepExecTilingTime":0,"PepExecIsomorStrictMatchTime":6,"PepExecIsomorphismTime":6,"PepExecIsomorLightMatchTime":0,"PepExecutionCompleteTime":6,"PepCoverageRatio":1.0,"PeptideName":"edeine A"},{"PepNumAtoms":56,"PeptideID":"666","PepExecTilingTime":0,"PepExecIsomorStrictMatchTime":7,"PepExecIsomorphismTime":7,"PepExecIsomorLightMatchTime":0,"PepExecutionCompleteTime":7,"PepCoverageRatio":1.0,"PeptideName":"edeine B"},{"PepNumAtoms":52,"PeptideID":"667","PepExecTilingTime":28,"PepExecIsomorStrictMatchTime":5,"PepExecIsomorphismTime":113,"PepExecIsomorLightMatchTime":108,"PepExecutionCompleteTime":141,"PepCoverageRatio":0.9230769230769231,"PeptideName":"edeine D"},{"PepNumAtoms":135,"PeptideID":"1023","PepExecTilingTime":0,"PepExecIsomorStrictMatchTime":15,"PepExecIsomorphismTime":15,"PepExecIsomorLightMatchTime":0,"PepExecutionCompleteTime":15,"PepCoverageRatio":1.0,"PeptideName":"paracelsin A"},{"PepNumAtoms":55,"PeptideID":"369","PepExecTilingTime":0,"PepExecIsomorStrictMatchTime":7,"PepExecIsomorphismTime":66,"PepExecIsomorLightMatchTime":59,"PepExecutionCompleteTime":66,"PepCoverageRatio":0.9818181818181818,"PeptideName":"dolastatin 10"},{"PepNumAtoms":54,"PeptideID":"269","PepExecTilingTime":1,"PepExecIsomorStrictMatchTime":6,"PepExecIsomorphismTime":17,"PepExecIsomorLightMatchTime":11,"PepExecutionCompleteTime":18,"PepCoverageRatio":1.0,"PeptideName":"anabaenopeptin I"},{"PepNumAtoms":66,"PeptideID":"268","PepExecTilingTime":1,"PepExecIsomorStrictMatchTime":7,"PepExecIsomorphismTime":45,"PepExecIsomorLightMatchTime":38,"PepExecutionCompleteTime":46,"PepCoverageRatio":1.0,"PeptideName":"anabaenopeptin H"},{"PepNumAtoms":67,"PeptideID":"267","PepExecTilingTime":0,"PepExecIsomorStrictMatchTime":8,"PepExecIsomorphismTime":34,"PepExecIsomorLightMatchTime":26,"PepExecutionCompleteTime":34,"PepCoverageRatio":1.0,"PeptideName":"anabaenopeptin G"},{"PepNumAtoms":61,"PeptideID":"266","PepExecTilingTime":0,"PepExecIsomorStrictMatchTime":7,"PepExecIsomorphismTime":18,"PepExecIsomorLightMatchTime":11,"PepExecutionCompleteTime":18,"PepCoverageRatio":1.0,"PeptideName":"anabaenopeptin F"},{"PepNumAtoms":61,"PeptideID":"265","PepExecTilingTime":0,"PepExecIsomorStrictMatchTime":6,"PepExecIsomorphismTime":16,"PepExecIsomorLightMatchTime":10,"PepExecutionCompleteTime":16,"PepCoverageRatio":1.0,"PeptideName":"anabaenopeptin E"},{"PepNumAtoms":71,"PeptideID":"1173","PepExecTilingTime":2,"PepExecIsomorStrictMatchTime":7,"PepExecIsomorphismTime":71,"PepExecIsomorLightMatchTime":64,"PepExecutionCompleteTime":73,"PepCoverageRatio":1.0,"PeptideName":"kempopeptin A"},{"PepNumAtoms":49,"PeptideID":"755","PepExecTilingTime":0,"PepExecIsomorStrictMatchTime":4,"PepExecIsomorphismTime":4,"PepExecIsomorLightMatchTime":0,"PepExecutionCompleteTime":4,"PepCoverageRatio":1.0,"PeptideName":"cyclocinamide B"},{"PepNumAtoms":51,"PeptideID":"250","PepExecTilingTime":1,"PepExecIsomorStrictMatchTime":4,"PepExecIsomorphismTime":43,"PepExecIsomorLightMatchTime":39,"PepExecutionCompleteTime":44,"PepCoverageRatio":1.0,"PeptideName":"vibriobactin"},{"PepNumAtoms":48,"PeptideID":"251","PepExecTilingTime":0,"PepExecIsomorStrictMatchTime":3,"PepExecIsomorphismTime":3,"PepExecIsomorLightMatchTime":0,"PepExecutionCompleteTime":3,"PepCoverageRatio":1.0,"PeptideName":"enterobactin"},{"PepNumAtoms":106,"PeptideID":"657","PepExecTilingTime":0,"PepExecIsomorStrictMatchTime":13,"PepExecIsomorphismTime":13,"PepExecIsomorLightMatchTime":0,"PepExecutionCompleteTime":13,"PepCoverageRatio":1.0,"PeptideName":"gratisin"},{"PepNumAtoms":57,"PeptideID":"252","PepExecTilingTime":0,"PepExecIsomorStrictMatchTime":5,"PepExecIsomorphismTime":5,"PepExecIsomorLightMatchTime":0,"PepExecutionCompleteTime":5,"PepCoverageRatio":1.0,"PeptideName":"beauvericin"},{"PepNumAtoms":78,"PeptideID":"658","PepExecTilingTime":1,"PepExecIsomorStrictMatchTime":7,"PepExecIsomorphismTime":7,"PepExecIsomorLightMatchTime":0,"PepExecutionCompleteTime":8,"PepCoverageRatio":1.0,"PeptideName":"valinomycin"},{"PepNumAtoms":60,"PeptideID":"1159","PepExecTilingTime":0,"PepExecIsomorStrictMatchTime":5,"PepExecIsomorphismTime":5,"PepExecIsomorLightMatchTime":0,"PepExecutionCompleteTime":5,"PepCoverageRatio":1.0,"PeptideName":"largamide A"},{"PepNumAtoms":79,"PeptideID":"651","PepExecTilingTime":0,"PepExecIsomorStrictMatchTime":12,"PepExecIsomorphismTime":12,"PepExecIsomorLightMatchTime":0,"PepExecutionCompleteTime":12,"PepCoverageRatio":1.0,"PeptideName":"empedopeptin"},{"PepNumAtoms":90,"PeptideID":"655","PepExecTilingTime":1,"PepExecIsomorStrictMatchTime":9,"PepExecIsomorphismTime":9,"PepExecIsomorLightMatchTime":0,"PepExecutionCompleteTime":10,"PepCoverageRatio":1.0,"PeptideName":"lysobactin"},{"PepNumAtoms":81,"PeptideID":"357","PepExecTilingTime":0,"PepExecIsomorStrictMatchTime":11,"PepExecIsomorphismTime":11,"PepExecIsomorLightMatchTime":0,"PepExecutionCompleteTime":11,"PepCoverageRatio":1.0,"PeptideName":"syringostatin A"},{"PepNumAtoms":85,"PeptideID":"356","PepExecTilingTime":1,"PepExecIsomorStrictMatchTime":10,"PepExecIsomorphismTime":35,"PepExecIsomorLightMatchTime":25,"PepExecutionCompleteTime":36,"PepCoverageRatio":1.0,"PeptideName":"syringomycin E"},{"PepNumAtoms":84,"PeptideID":"359","PepExecTilingTime":0,"PepExecIsomorStrictMatchTime":11,"PepExecIsomorphismTime":11,"PepExecIsomorLightMatchTime":0,"PepExecutionCompleteTime":11,"PepCoverageRatio":1.0,"PeptideName":"pseudomycin A"},{"PepNumAtoms":78,"PeptideID":"358","PepExecTilingTime":0,"PepExecIsomorStrictMatchTime":11,"PepExecIsomorphismTime":11,"PepExecIsomorLightMatchTime":0,"PepExecutionCompleteTime":11,"PepCoverageRatio":1.0,"PeptideName":"syringotoxin B"},{"PepNumAtoms":68,"PeptideID":"258","PepExecTilingTime":0,"PepExecIsomorStrictMatchTime":7,"PepExecIsomorphismTime":7,"PepExecIsomorLightMatchTime":0,"PepExecutionCompleteTime":7,"PepCoverageRatio":1.0,"PeptideName":"anabaenopeptilide 90B"},{"PepNumAtoms":68,"PeptideID":"257","PepExecTilingTime":0,"PepExecIsomorStrictMatchTime":8,"PepExecIsomorphismTime":8,"PepExecIsomorLightMatchTime":0,"PepExecutionCompleteTime":8,"PepCoverageRatio":1.0,"PeptideName":"anabaenopeptilide 90A"},{"PepNumAtoms":70,"PeptideID":"903","PepExecTilingTime":14,"PepExecIsomorStrictMatchTime":7,"PepExecIsomorphismTime":150,"PepExecIsomorLightMatchTime":143,"PepExecutionCompleteTime":164,"PepCoverageRatio":0.9571428571428572,"PeptideName":"pseudobactin A"},{"PepNumAtoms":56,"PeptideID":"254","PepExecTilingTime":0,"PepExecIsomorStrictMatchTime":5,"PepExecIsomorphismTime":5,"PepExecIsomorLightMatchTime":0,"PepExecutionCompleteTime":5,"PepCoverageRatio":1.0,"PeptideName":"beauvericin D"},{"PepNumAtoms":58,"PeptideID":"253","PepExecTilingTime":0,"PepExecIsomorStrictMatchTime":5,"PepExecIsomorphismTime":5,"PepExecIsomorLightMatchTime":0,"PepExecutionCompleteTime":5,"PepCoverageRatio":1.0,"PeptideName":"beauvericin A"},{"PepNumAtoms":58,"PeptideID":"256","PepExecTilingTime":0,"PepExecIsomorStrictMatchTime":5,"PepExecIsomorphismTime":5,"PepExecIsomorLightMatchTime":0,"PepExecutionCompleteTime":5,"PepCoverageRatio":1.0,"PeptideName":"beauvericin F"},{"PepNumAtoms":53,"PeptideID":"255","PepExecTilingTime":0,"PepExecIsomorStrictMatchTime":5,"PepExecIsomorphismTime":5,"PepExecIsomorLightMatchTime":0,"PepExecutionCompleteTime":5,"PepCoverageRatio":1.0,"PeptideName":"beauvericin E"}]