[{"PeptideID":"479","PepExecIsomorStrictMatchTime":12,"PepNumAtoms":61,"PepExecutionCompleteTime":39,"PeptideName":"cyclotheonamide E5","PepExecIsomorLightMatchTime":23,"PepExecTilingTime":4,"PepExecIsomorphismTime":35},{"PeptideID":"774","PepExecIsomorStrictMatchTime":6,"PepNumAtoms":45,"PepExecutionCompleteTime":6,"PeptideName":"isariin C","PepExecIsomorLightMatchTime":0,"PepExecTilingTime":0,"PepExecIsomorphismTime":6},{"PeptideID":"775","PepExecIsomorStrictMatchTime":7,"PepNumAtoms":45,"PepExecutionCompleteTime":7,"PeptideName":"isariin D","PepExecIsomorLightMatchTime":0,"PepExecTilingTime":0,"PepExecIsomorphismTime":7},{"PeptideID":"665","PepExecIsomorStrictMatchTime":6,"PepNumAtoms":53,"PepExecutionCompleteTime":6,"PeptideName":"edeine A","PepExecIsomorLightMatchTime":0,"PepExecTilingTime":0,"PepExecIsomorphismTime":6},{"PeptideID":"477","PepExecIsomorStrictMatchTime":12,"PepNumAtoms":59,"PepExecutionCompleteTime":43,"PeptideName":"cyclotheonamide E3","PepExecIsomorLightMatchTime":27,"PepExecTilingTime":4,"PepExecIsomorphismTime":39},{"PeptideID":"478","PepExecIsomorStrictMatchTime":11,"PepNumAtoms":60,"PepExecutionCompleteTime":35,"PeptideName":"cyclotheonamide E4","PepExecIsomorLightMatchTime":23,"PepExecTilingTime":1,"PepExecIsomorphismTime":34},{"PeptideID":"667","PepExecIsomorStrictMatchTime":6,"PepNumAtoms":52,"PepExecutionCompleteTime":68,"PeptideName":"edeine D","PepExecIsomorLightMatchTime":43,"PepExecTilingTime":19,"PepExecIsomorphismTime":49},{"PeptideID":"666","PepExecIsomorStrictMatchTime":6,"PepNumAtoms":56,"PepExecutionCompleteTime":6,"PeptideName":"edeine B","PepExecIsomorLightMatchTime":0,"PepExecTilingTime":0,"PepExecIsomorphismTime":6},{"PeptideID":"377","PepExecIsomorStrictMatchTime":8,"PepNumAtoms":78,"PepExecutionCompleteTime":29,"PeptideName":"nordidemnin B","PepExecIsomorLightMatchTime":20,"PepExecTilingTime":1,"PepExecIsomorphismTime":28},{"PeptideID":"1081","PepExecIsomorStrictMatchTime":11,"PepNumAtoms":138,"PepExecutionCompleteTime":11,"PeptideName":"feglymycin","PepExecIsomorLightMatchTime":0,"PepExecTilingTime":0,"PepExecIsomorphismTime":11},{"PeptideID":"318","PepExecIsomorStrictMatchTime":4,"PepNumAtoms":35,"PepExecutionCompleteTime":4,"PeptideName":"beauverolide i","PepExecIsomorLightMatchTime":0,"PepExecTilingTime":0,"PepExecIsomorphismTime":4},{"PeptideID":"416","PepExecIsomorStrictMatchTime":15,"PepNumAtoms":119,"PepExecutionCompleteTime":39,"PeptideName":"neamphamide A","PepExecIsomorLightMatchTime":23,"PepExecTilingTime":1,"PepExecIsomorphismTime":38},{"PeptideID":"693","PepExecIsomorStrictMatchTime":12,"PepNumAtoms":110,"PepExecutionCompleteTime":12,"PeptideName":"eremomycin","PepExecIsomorLightMatchTime":0,"PepExecTilingTime":0,"PepExecIsomorphismTime":12},{"PeptideID":"305","PepExecIsomorStrictMatchTime":3,"PepNumAtoms":32,"PepExecutionCompleteTime":3,"PeptideName":"AM-toxin I","PepExecIsomorLightMatchTime":0,"PepExecTilingTime":0,"PepExecIsomorphismTime":3},{"PeptideID":"664","PepExecIsomorStrictMatchTime":4,"PepNumAtoms":43,"PepExecutionCompleteTime":26,"PeptideName":"antipain","PepExecIsomorLightMatchTime":22,"PepExecTilingTime":0,"PepExecIsomorphismTime":26},{"PeptideID":"683","PepExecIsomorStrictMatchTime":10,"PepNumAtoms":100,"PepExecutionCompleteTime":10,"PeptideName":"A51568","PepExecIsomorLightMatchTime":0,"PepExecTilingTime":0,"PepExecIsomorphismTime":10},{"PeptideID":"626","PepExecIsomorStrictMatchTime":3,"PepNumAtoms":38,"PepExecutionCompleteTime":3,"PeptideName":"cyclochlorotine","PepExecIsomorLightMatchTime":0,"PepExecTilingTime":0,"PepExecIsomorphismTime":3},{"PeptideID":"233","PepExecIsomorStrictMatchTime":15,"PepNumAtoms":91,"PepExecutionCompleteTime":15,"PeptideName":"actinomycin VI","PepExecIsomorLightMatchTime":0,"PepExecTilingTime":0,"PepExecIsomorphismTime":15},{"PeptideID":"1","PepExecIsomorStrictMatchTime":16,"PepNumAtoms":115,"PepExecutionCompleteTime":16,"PeptideName":"daptomycin","PepExecIsomorLightMatchTime":0,"PepExecTilingTime":0,"PepExecIsomorphismTime":16},{"PeptideID":"640","PepExecIsomorStrictMatchTime":3,"PepNumAtoms":38,"PepExecutionCompleteTime":3,"PeptideName":"capreomycin IIA","PepExecIsomorLightMatchTime":0,"PepExecTilingTime":0,"PepExecIsomorphismTime":3},{"PeptideID":"658","PepExecIsomorStrictMatchTime":7,"PepNumAtoms":78,"PepExecutionCompleteTime":7,"PeptideName":"valinomycin","PepExecIsomorLightMatchTime":0,"PepExecTilingTime":0,"PepExecIsomorphismTime":7},{"PeptideID":"112","PepExecIsomorStrictMatchTime":13,"PepNumAtoms":68,"PepExecutionCompleteTime":13,"PeptideName":"microcystin AR","PepExecIsomorLightMatchTime":0,"PepExecTilingTime":0,"PepExecIsomorphismTime":13},{"PeptideID":"476","PepExecIsomorStrictMatchTime":12,"PepNumAtoms":61,"PepExecutionCompleteTime":39,"PeptideName":"cyclotheonamide E2","PepExecIsomorLightMatchTime":25,"PepExecTilingTime":2,"PepExecIsomorphismTime":37},{"PeptideID":"641","PepExecIsomorStrictMatchTime":3,"PepNumAtoms":37,"PepExecutionCompleteTime":3,"PeptideName":"capreomycin IIB","PepExecIsomorLightMatchTime":0,"PepExecTilingTime":0,"PepExecIsomorphismTime":3},{"PeptideID":"527","PepExecIsomorStrictMatchTime":4,"PepNumAtoms":52,"PepExecutionCompleteTime":4,"PeptideName":"phakellistatin 5","PepExecIsomorLightMatchTime":0,"PepExecTilingTime":0,"PepExecIsomorphismTime":4},{"PeptideID":"523","PepExecIsomorStrictMatchTime":6,"PepNumAtoms":60,"PepExecutionCompleteTime":6,"PeptideName":"phakellistatin 1","PepExecIsomorLightMatchTime":0,"PepExecTilingTime":0,"PepExecIsomorphismTime":6},{"PeptideID":"415","PepExecIsomorStrictMatchTime":7,"PepNumAtoms":69,"PepExecutionCompleteTime":7,"PeptideName":"cyclonellin","PepExecIsomorLightMatchTime":0,"PepExecTilingTime":0,"PepExecIsomorphismTime":7},{"PeptideID":"524","PepExecIsomorStrictMatchTime":6,"PepNumAtoms":60,"PepExecutionCompleteTime":6,"PeptideName":"phakellistatin 2","PepExecIsomorLightMatchTime":0,"PepExecTilingTime":0,"PepExecIsomorphismTime":6},{"PeptideID":"935","PepExecIsomorStrictMatchTime":18,"PepNumAtoms":137,"PepExecutionCompleteTime":18,"PeptideName":"helvecardin A","PepExecIsomorLightMatchTime":0,"PepExecTilingTime":0,"PepExecIsomorphismTime":18},{"PeptideID":"404","PepExecIsomorStrictMatchTime":6,"PepNumAtoms":52,"PepExecutionCompleteTime":6,"PeptideName":"serrawettin W2","PepExecIsomorLightMatchTime":0,"PepExecTilingTime":0,"PepExecIsomorphismTime":6},{"PeptideID":"936","PepExecIsomorStrictMatchTime":15,"PepNumAtoms":126,"PepExecutionCompleteTime":15,"PeptideName":"helvecardin B","PepExecIsomorLightMatchTime":0,"PepExecTilingTime":0,"PepExecIsomorphismTime":15},{"PeptideID":"405","PepExecIsomorStrictMatchTime":6,"PepNumAtoms":36,"PepExecutionCompleteTime":6,"PeptideName":"serrawettin W1","PepExecIsomorLightMatchTime":0,"PepExecTilingTime":0,"PepExecIsomorphismTime":6},{"PeptideID":"669","PepExecIsomorStrictMatchTime":64,"PepNumAtoms":352,"PepExecutionCompleteTime":65,"PeptideName":"polytheonamide B","PepExecIsomorLightMatchTime":0,"PepExecTilingTime":1,"PepExecIsomorphismTime":64},{"PeptideID":"326","PepExecIsomorStrictMatchTime":4,"PepNumAtoms":35,"PepExecutionCompleteTime":4,"PeptideName":"beauverolide I","PepExecIsomorLightMatchTime":0,"PepExecTilingTime":0,"PepExecIsomorphismTime":4},{"PeptideID":"755","PepExecIsomorStrictMatchTime":4,"PepNumAtoms":49,"PepExecutionCompleteTime":4,"PeptideName":"cyclocinamide B","PepExecIsomorLightMatchTime":0,"PepExecTilingTime":0,"PepExecIsomorphismTime":4},{"PeptideID":"319","PepExecIsomorStrictMatchTime":3,"PepNumAtoms":35,"PepExecutionCompleteTime":3,"PeptideName":"beauverolide H","PepExecIsomorLightMatchTime":0,"PepExecTilingTime":0,"PepExecIsomorphismTime":3},{"PeptideID":"107","PepExecIsomorStrictMatchTime":7,"PepNumAtoms":74,"PepExecutionCompleteTime":7,"PeptideName":"microcystin RR","PepExecIsomorLightMatchTime":0,"PepExecTilingTime":0,"PepExecIsomorphismTime":7},{"PeptideID":"862","PepExecIsomorStrictMatchTime":13,"PepNumAtoms":85,"PepExecutionCompleteTime":13,"PeptideName":"pseudomycin C","PepExecIsomorLightMatchTime":0,"PepExecTilingTime":0,"PepExecIsomorphismTime":13},{"PeptideID":"249","PepExecIsomorStrictMatchTime":12,"PepNumAtoms":82,"PepExecutionCompleteTime":13,"PeptideName":"gramicidin S","PepExecIsomorLightMatchTime":0,"PepExecTilingTime":1,"PepExecIsomorphismTime":12},{"PeptideID":"137","PepExecIsomorStrictMatchTime":7,"PepNumAtoms":73,"PepExecutionCompleteTime":7,"PeptideName":"[D-Asp3.ADMAdda5]microcystin-LHar","PepExecIsomorLightMatchTime":0,"PepExecTilingTime":0,"PepExecIsomorphismTime":7},{"PeptideID":"861","PepExecIsomorStrictMatchTime":11,"PepNumAtoms":83,"PepExecutionCompleteTime":11,"PeptideName":"pseudomycin B","PepExecIsomorLightMatchTime":0,"PepExecTilingTime":0,"PepExecIsomorphismTime":11},{"PeptideID":"242","PepExecIsomorStrictMatchTime":14,"PepNumAtoms":92,"PepExecutionCompleteTime":14,"PeptideName":"actinomycin pip2","PepExecIsomorLightMatchTime":0,"PepExecTilingTime":0,"PepExecIsomorphismTime":14},{"PeptideID":"417","PepExecIsomorStrictMatchTime":11,"PepNumAtoms":106,"PepExecutionCompleteTime":32,"PeptideName":"callipeltin A","PepExecIsomorLightMatchTime":20,"PepExecTilingTime":1,"PepExecIsomorphismTime":31},{"PeptideID":"418","PepExecIsomorStrictMatchTime":7,"PepNumAtoms":73,"PepExecutionCompleteTime":7,"PeptideName":"callipeltin B","PepExecIsomorLightMatchTime":0,"PepExecTilingTime":0,"PepExecIsomorphismTime":7},{"PeptideID":"727","PepExecIsomorStrictMatchTime":3,"PepNumAtoms":33,"PepExecutionCompleteTime":18,"PeptideName":"moiramide B","PepExecIsomorLightMatchTime":15,"PepExecTilingTime":0,"PepExecIsomorphismTime":18},{"PeptideID":"668","PepExecIsomorStrictMatchTime":5,"PepNumAtoms":55,"PepExecutionCompleteTime":93,"PeptideName":"edeine F","PepExecIsomorLightMatchTime":44,"PepExecTilingTime":44,"PepExecIsomorphismTime":49},{"PeptideID":"604","PepExecIsomorStrictMatchTime":5,"PepNumAtoms":38,"PepExecutionCompleteTime":5,"PeptideName":"geodiamolide B","PepExecIsomorLightMatchTime":0,"PepExecTilingTime":0,"PepExecIsomorphismTime":5},{"PeptideID":"93","PepExecIsomorStrictMatchTime":4,"PepNumAtoms":47,"PepExecutionCompleteTime":15,"PeptideName":"enniatin A1","PepExecIsomorLightMatchTime":9,"PepExecTilingTime":2,"PepExecIsomorphismTime":13},{"PeptideID":"603","PepExecIsomorStrictMatchTime":3,"PepNumAtoms":38,"PepExecutionCompleteTime":3,"PeptideName":"geodiamolide A","PepExecIsomorLightMatchTime":0,"PepExecTilingTime":0,"PepExecIsomorphismTime":3},{"PeptideID":"606","PepExecIsomorStrictMatchTime":4,"PepNumAtoms":37,"PepExecutionCompleteTime":4,"PeptideName":"geodiamolide D","PepExecIsomorLightMatchTime":0,"PepExecTilingTime":0,"PepExecIsomorphismTime":4},{"PeptideID":"307","PepExecIsomorStrictMatchTime":3,"PepNumAtoms":31,"PepExecutionCompleteTime":3,"PeptideName":"AM-toxin III","PepExecIsomorLightMatchTime":0,"PepExecTilingTime":0,"PepExecIsomorphismTime":3},{"PeptideID":"703","PepExecIsomorStrictMatchTime":12,"PepNumAtoms":109,"PepExecutionCompleteTime":13,"PeptideName":"orienticin B","PepExecIsomorLightMatchTime":0,"PepExecTilingTime":1,"PepExecIsomorphismTime":12},{"PeptideID":"273","PepExecIsomorStrictMatchTime":5,"PepNumAtoms":64,"PepExecutionCompleteTime":40,"PeptideName":"ferintoic acid B","PepExecIsomorLightMatchTime":34,"PepExecTilingTime":1,"PepExecIsomorphismTime":39},{"PeptideID":"702","PepExecIsomorStrictMatchTime":12,"PepNumAtoms":110,"PepExecutionCompleteTime":12,"PeptideName":"orienticin A","PepExecIsomorLightMatchTime":0,"PepExecTilingTime":0,"PepExecIsomorphismTime":12},{"PeptideID":"272","PepExecIsomorStrictMatchTime":6,"PepNumAtoms":63,"PepExecutionCompleteTime":41,"PeptideName":"ferintoic acid A","PepExecIsomorLightMatchTime":34,"PepExecTilingTime":1,"PepExecIsomorphismTime":40},{"PeptideID":"104","PepExecIsomorStrictMatchTime":4,"PepNumAtoms":48,"PepExecutionCompleteTime":233,"PeptideName":"enniatin F","PepExecIsomorLightMatchTime":218,"PepExecTilingTime":11,"PepExecIsomorphismTime":222},{"PeptideID":"105","PepExecIsomorStrictMatchTime":5,"PepNumAtoms":47,"PepExecutionCompleteTime":5,"PeptideName":"enniatin G","PepExecIsomorLightMatchTime":0,"PepExecTilingTime":0,"PepExecIsomorphismTime":5},{"PeptideID":"705","PepExecIsomorStrictMatchTime":11,"PepNumAtoms":111,"PepExecutionCompleteTime":12,"PeptideName":"orienticin D","PepExecIsomorLightMatchTime":0,"PepExecTilingTime":1,"PepExecIsomorphismTime":11},{"PeptideID":"496","PepExecIsomorStrictMatchTime":9,"PepNumAtoms":104,"PepExecutionCompleteTime":23,"PeptideName":"halicylindramide E","PepExecIsomorLightMatchTime":14,"PepExecTilingTime":0,"PepExecIsomorphismTime":23},{"PeptideID":"99","PepExecIsomorStrictMatchTime":4,"PepNumAtoms":47,"PepExecutionCompleteTime":4,"PeptideName":"enniatin I","PepExecIsomorLightMatchTime":0,"PepExecTilingTime":0,"PepExecIsomorphismTime":4},{"PeptideID":"1094","PepExecIsomorStrictMatchTime":13,"PepNumAtoms":121,"PepExecutionCompleteTime":13,"PeptideName":"trichotoxin A-40","PepExecIsomorLightMatchTime":0,"PepExecTilingTime":0,"PepExecIsomorphismTime":13},{"PeptideID":"356","PepExecIsomorStrictMatchTime":17,"PepNumAtoms":85,"PepExecutionCompleteTime":67,"PeptideName":"syringomycin E","PepExecIsomorLightMatchTime":48,"PepExecTilingTime":2,"PepExecIsomorphismTime":65},{"PeptideID":"359","PepExecIsomorStrictMatchTime":17,"PepNumAtoms":84,"PepExecutionCompleteTime":17,"PeptideName":"pseudomycin A","PepExecIsomorLightMatchTime":0,"PepExecTilingTime":0,"PepExecIsomorphismTime":17},{"PeptideID":"494","PepExecIsomorStrictMatchTime":11,"PepNumAtoms":123,"PepExecutionCompleteTime":15,"PeptideName":"halicylindramide C","PepExecIsomorLightMatchTime":2,"PepExecTilingTime":2,"PepExecIsomorphismTime":13},{"PeptideID":"495","PepExecIsomorStrictMatchTime":11,"PepNumAtoms":114,"PepExecutionCompleteTime":15,"PeptideName":"halicylindramide D","PepExecIsomorLightMatchTime":4,"PepExecTilingTime":0,"PepExecIsomorphismTime":15},{"PeptideID":"492","PepExecIsomorStrictMatchTime":11,"PepNumAtoms":122,"PepExecutionCompleteTime":15,"PeptideName":"halicylindramide A","PepExecIsomorLightMatchTime":2,"PepExecTilingTime":2,"PepExecIsomorphismTime":13},{"PeptideID":"1145","PepExecIsomorStrictMatchTime":6,"PepNumAtoms":66,"PepExecutionCompleteTime":60,"PeptideName":"somamide B","PepExecIsomorLightMatchTime":54,"PepExecTilingTime":0,"PepExecIsomorphismTime":60},{"PeptideID":"865","PepExecIsomorStrictMatchTime":11,"PepNumAtoms":87,"PepExecutionCompleteTime":11,"PeptideName":"syringomycin G","PepExecIsomorLightMatchTime":0,"PepExecTilingTime":0,"PepExecIsomorphismTime":11},{"PeptideID":"493","PepExecIsomorStrictMatchTime":11,"PepNumAtoms":122,"PepExecutionCompleteTime":15,"PeptideName":"halicylindramide B","PepExecIsomorLightMatchTime":2,"PepExecTilingTime":2,"PepExecIsomorphismTime":13},{"PeptideID":"602","PepExecIsomorStrictMatchTime":4,"PepNumAtoms":45,"PepExecutionCompleteTime":4,"PeptideName":"geodiamolide I","PepExecIsomorLightMatchTime":0,"PepExecTilingTime":0,"PepExecIsomorphismTime":4},{"PeptideID":"607","PepExecIsomorStrictMatchTime":4,"PepNumAtoms":37,"PepExecutionCompleteTime":4,"PeptideName":"geodiamolide E","PepExecIsomorLightMatchTime":0,"PepExecTilingTime":0,"PepExecIsomorphismTime":4},{"PeptideID":"601","PepExecIsomorStrictMatchTime":5,"PepNumAtoms":45,"PepExecutionCompleteTime":5,"PeptideName":"geodiamolide H","PepExecIsomorLightMatchTime":0,"PepExecTilingTime":0,"PepExecIsomorphismTime":5},{"PeptideID":"618","PepExecIsomorStrictMatchTime":4,"PepNumAtoms":39,"PepExecutionCompleteTime":4,"PeptideName":"geodiamolide G","PepExecIsomorLightMatchTime":0,"PepExecTilingTime":0,"PepExecIsomorphismTime":4},{"PeptideID":"1159","PepExecIsomorStrictMatchTime":5,"PepNumAtoms":60,"PepExecutionCompleteTime":5,"PeptideName":"largamide A","PepExecIsomorLightMatchTime":0,"PepExecTilingTime":0,"PepExecIsomorphismTime":5},{"PeptideID":"487","PepExecIsomorStrictMatchTime":8,"PepNumAtoms":30,"PepExecutionCompleteTime":8,"PeptideName":"leupeptin","PepExecIsomorLightMatchTime":0,"PepExecTilingTime":0,"PepExecIsomorphismTime":8},{"PeptideID":"624","PepExecIsomorStrictMatchTime":3,"PepNumAtoms":30,"PepExecutionCompleteTime":3,"PeptideName":"tentoxin","PepExecIsomorLightMatchTime":0,"PepExecTilingTime":0,"PepExecIsomorphismTime":3},{"PeptideID":"160","PepExecIsomorStrictMatchTime":6,"PepNumAtoms":70,"PepExecutionCompleteTime":28,"PeptideName":"pseudobactin","PepExecIsomorLightMatchTime":17,"PepExecTilingTime":5,"PepExecIsomorphismTime":23},{"PeptideID":"934","PepExecIsomorStrictMatchTime":20,"PepNumAtoms":147,"PepExecutionCompleteTime":20,"PeptideName":"galacardin B","PepExecIsomorLightMatchTime":0,"PepExecTilingTime":0,"PepExecIsomorphismTime":20},{"PeptideID":"1023","PepExecIsomorStrictMatchTime":15,"PepNumAtoms":135,"PepExecutionCompleteTime":15,"PeptideName":"paracelsin A","PepExecIsomorLightMatchTime":0,"PepExecTilingTime":0,"PepExecIsomorphismTime":15},{"PeptideID":"933","PepExecIsomorStrictMatchTime":23,"PepNumAtoms":158,"PepExecutionCompleteTime":24,"PeptideName":"galacardin A","PepExecIsomorLightMatchTime":0,"PepExecTilingTime":1,"PepExecIsomorphismTime":23},{"PeptideID":"94","PepExecIsomorStrictMatchTime":4,"PepNumAtoms":45,"PepExecutionCompleteTime":4,"PeptideName":"enniatin B","PepExecIsomorLightMatchTime":0,"PepExecTilingTime":0,"PepExecIsomorphismTime":4},{"PeptideID":"100","PepExecIsomorStrictMatchTime":6,"PepNumAtoms":48,"PepExecutionCompleteTime":6,"PeptideName":"enniatin C","PepExecIsomorLightMatchTime":0,"PepExecTilingTime":0,"PepExecIsomorphismTime":6},{"PeptideID":"333","PepExecIsomorStrictMatchTime":9,"PepNumAtoms":80,"PepExecutionCompleteTime":9,"PeptideName":"massetolide A","PepExecIsomorLightMatchTime":0,"PepExecTilingTime":0,"PepExecIsomorphismTime":9},{"PeptideID":"946","PepExecIsomorStrictMatchTime":13,"PepNumAtoms":118,"PepExecutionCompleteTime":13,"PeptideName":"antiamoebin II","PepExecIsomorLightMatchTime":0,"PepExecTilingTime":0,"PepExecIsomorphismTime":13},{"PeptideID":"903","PepExecIsomorStrictMatchTime":7,"PepNumAtoms":70,"PepExecutionCompleteTime":46,"PeptideName":"pseudobactin A","PepExecIsomorLightMatchTime":33,"PepExecTilingTime":6,"PepExecIsomorphismTime":40},{"PeptideID":"630","PepExecIsomorStrictMatchTime":3,"PepNumAtoms":35,"PepExecutionCompleteTime":35,"PeptideName":"malformin C","PepExecIsomorLightMatchTime":20,"PepExecTilingTime":12,"PepExecIsomorphismTime":23},{"PeptideID":"760","PepExecIsomorStrictMatchTime":3,"PepNumAtoms":40,"PepExecutionCompleteTime":3,"PeptideName":"desmethylDestruxin B","PepExecIsomorLightMatchTime":0,"PepExecTilingTime":0,"PepExecIsomorphismTime":3},{"PeptideID":"73","PepExecIsomorStrictMatchTime":4,"PepNumAtoms":39,"PepExecutionCompleteTime":18,"PeptideName":"desmethylDestruxin A","PepExecIsomorLightMatchTime":13,"PepExecTilingTime":1,"PepExecIsomorphismTime":17},{"PeptideID":"1133","PepExecIsomorStrictMatchTime":8,"PepNumAtoms":70,"PepExecutionCompleteTime":51,"PeptideName":"micropeptin B","PepExecIsomorLightMatchTime":43,"PepExecTilingTime":0,"PepExecIsomorphismTime":51},{"PeptideID":"39","PepExecIsomorStrictMatchTime":9,"PepNumAtoms":86,"PepExecutionCompleteTime":9,"PeptideName":"cyclosporin G","PepExecIsomorLightMatchTime":0,"PepExecTilingTime":0,"PepExecIsomorphismTime":9},{"PeptideID":"209","PepExecIsomorStrictMatchTime":4,"PepNumAtoms":19,"PepExecutionCompleteTime":4,"PeptideName":"bacilysin","PepExecIsomorLightMatchTime":0,"PepExecTilingTime":0,"PepExecIsomorphismTime":4},{"PeptideID":"40","PepExecIsomorStrictMatchTime":8,"PepNumAtoms":85,"PepExecutionCompleteTime":8,"PeptideName":"cyclosporin H","PepExecIsomorLightMatchTime":0,"PepExecTilingTime":0,"PepExecIsomorphismTime":8},{"PeptideID":"37","PepExecIsomorStrictMatchTime":8,"PepNumAtoms":84,"PepExecutionCompleteTime":8,"PeptideName":"cyclosporin E","PepExecIsomorLightMatchTime":0,"PepExecTilingTime":0,"PepExecIsomorphismTime":8},{"PeptideID":"551","PepExecIsomorStrictMatchTime":7,"PepNumAtoms":71,"PepExecutionCompleteTime":99,"PeptideName":"microsclerodermin A","PepExecIsomorLightMatchTime":82,"PepExecTilingTime":10,"PepExecIsomorphismTime":89},{"PeptideID":"38","PepExecIsomorStrictMatchTime":8,"PepNumAtoms":84,"PepExecutionCompleteTime":8,"PeptideName":"cyclosporin F","PepExecIsomorLightMatchTime":0,"PepExecTilingTime":0,"PepExecIsomorphismTime":8},{"PeptideID":"552","PepExecIsomorStrictMatchTime":7,"PepNumAtoms":70,"PepExecutionCompleteTime":95,"PeptideName":"microsclerodermin B","PepExecIsomorLightMatchTime":76,"PepExecTilingTime":12,"PepExecIsomorphismTime":83},{"PeptideID":"35","PepExecIsomorStrictMatchTime":8,"PepNumAtoms":86,"PepExecutionCompleteTime":8,"PeptideName":"cyclosporin C","PepExecIsomorLightMatchTime":0,"PepExecTilingTime":0,"PepExecIsomorphismTime":8},{"PeptideID":"1128","PepExecIsomorStrictMatchTime":6,"PepNumAtoms":81,"PepExecutionCompleteTime":21,"PeptideName":"quinomycin C","PepExecIsomorLightMatchTime":15,"PepExecTilingTime":0,"PepExecIsomorphismTime":21},{"PeptideID":"36","PepExecIsomorStrictMatchTime":9,"PepNumAtoms":86,"PepExecutionCompleteTime":9,"PeptideName":"cyclosporin D","PepExecIsomorLightMatchTime":0,"PepExecTilingTime":0,"PepExecIsomorphismTime":9},{"PeptideID":"1127","PepExecIsomorStrictMatchTime":5,"PepNumAtoms":79,"PepExecutionCompleteTime":18,"PeptideName":"quinomycin B","PepExecIsomorLightMatchTime":13,"PepExecTilingTime":0,"PepExecIsomorphismTime":18},{"PeptideID":"33","PepExecIsomorStrictMatchTime":8,"PepNumAtoms":85,"PepExecutionCompleteTime":8,"PeptideName":"cyclosporin A","PepExecIsomorLightMatchTime":0,"PepExecTilingTime":0,"PepExecIsomorphismTime":8},{"PeptideID":"34","PepExecIsomorStrictMatchTime":9,"PepNumAtoms":84,"PepExecutionCompleteTime":9,"PeptideName":"cyclosporin B","PepExecIsomorLightMatchTime":0,"PepExecTilingTime":0,"PepExecIsomorphismTime":9},{"PeptideID":"358","PepExecIsomorStrictMatchTime":16,"PepNumAtoms":78,"PepExecutionCompleteTime":16,"PeptideName":"syringotoxin B","PepExecIsomorLightMatchTime":0,"PepExecTilingTime":0,"PepExecIsomorphismTime":16},{"PeptideID":"1062","PepExecIsomorStrictMatchTime":9,"PepNumAtoms":81,"PepExecutionCompleteTime":10,"PeptideName":"polymyxin M","PepExecIsomorLightMatchTime":0,"PepExecTilingTime":1,"PepExecIsomorphismTime":9},{"PeptideID":"371","PepExecIsomorStrictMatchTime":7,"PepNumAtoms":70,"PepExecutionCompleteTime":7,"PeptideName":"dolastatin 11","PepExecIsomorLightMatchTime":0,"PepExecTilingTime":0,"PepExecIsomorphismTime":7},{"PeptideID":"369","PepExecIsomorStrictMatchTime":11,"PepNumAtoms":55,"PepExecutionCompleteTime":52,"PeptideName":"dolastatin 10","PepExecIsomorLightMatchTime":39,"PepExecTilingTime":2,"PepExecIsomorphismTime":50},{"PeptideID":"370","PepExecIsomorStrictMatchTime":6,"PepNumAtoms":60,"PepExecutionCompleteTime":6,"PeptideName":"dolastatin 15","PepExecIsomorLightMatchTime":0,"PepExecTilingTime":0,"PepExecIsomorphismTime":6},{"PeptideID":"638","PepExecIsomorStrictMatchTime":4,"PepNumAtoms":47,"PepExecutionCompleteTime":4,"PeptideName":"capreomycin IA","PepExecIsomorLightMatchTime":0,"PepExecTilingTime":0,"PepExecIsomorphismTime":4},{"PeptideID":"343","PepExecIsomorStrictMatchTime":11,"PepNumAtoms":95,"PepExecutionCompleteTime":11,"PeptideName":"arthrofactin","PepExecIsomorLightMatchTime":0,"PepExecTilingTime":0,"PepExecIsomorphismTime":11},{"PeptideID":"372","PepExecIsomorStrictMatchTime":7,"PepNumAtoms":69,"PepExecutionCompleteTime":7,"PeptideName":"dolastatin 12","PepExecIsomorLightMatchTime":0,"PepExecTilingTime":0,"PepExecIsomorphismTime":7},{"PeptideID":"639","PepExecIsomorStrictMatchTime":5,"PepNumAtoms":46,"PepExecutionCompleteTime":5,"PeptideName":"capreomycin IB","PepExecIsomorLightMatchTime":0,"PepExecTilingTime":0,"PepExecIsomorphismTime":5},{"PeptideID":"428","PepExecIsomorStrictMatchTime":6,"PepNumAtoms":59,"PepExecutionCompleteTime":6,"PeptideName":"aurilide B","PepExecIsomorLightMatchTime":0,"PepExecTilingTime":0,"PepExecIsomorphismTime":6},{"PeptideID":"617","PepExecIsomorStrictMatchTime":4,"PepNumAtoms":39,"PepExecutionCompleteTime":4,"PeptideName":"neosiphoniamolide A","PepExecIsomorLightMatchTime":0,"PepExecTilingTime":0,"PepExecIsomorphismTime":4},{"PeptideID":"544","PepExecIsomorStrictMatchTime":7,"PepNumAtoms":65,"PepExecutionCompleteTime":7,"PeptideName":"hymenamide H","PepExecIsomorLightMatchTime":0,"PepExecTilingTime":0,"PepExecIsomorphismTime":7},{"PeptideID":"429","PepExecIsomorStrictMatchTime":5,"PepNumAtoms":58,"PepExecutionCompleteTime":5,"PeptideName":"aurilide C","PepExecIsomorLightMatchTime":0,"PepExecTilingTime":0,"PepExecIsomorphismTime":5},{"PeptideID":"545","PepExecIsomorStrictMatchTime":7,"PepNumAtoms":80,"PepExecutionCompleteTime":7,"PeptideName":"hymenamide J","PepExecIsomorLightMatchTime":0,"PepExecTilingTime":0,"PepExecIsomorphismTime":7},{"PeptideID":"211","PepExecIsomorStrictMatchTime":10,"PepNumAtoms":73,"PepExecutionCompleteTime":10,"PeptideName":"surfactin aC15","PepExecIsomorLightMatchTime":0,"PepExecTilingTime":0,"PepExecIsomorphismTime":10},{"PeptideID":"447","PepExecIsomorStrictMatchTime":12,"PepNumAtoms":120,"PepExecutionCompleteTime":16,"PeptideName":"discodermin A","PepExecIsomorLightMatchTime":4,"PepExecTilingTime":0,"PepExecIsomorphismTime":16},{"PeptideID":"648","PepExecIsomorStrictMatchTime":7,"PepNumAtoms":45,"PepExecutionCompleteTime":7,"PeptideName":"isariin","PepExecIsomorLightMatchTime":0,"PepExecTilingTime":0,"PepExecIsomorphismTime":7},{"PeptideID":"1093","PepExecIsomorStrictMatchTime":16,"PepNumAtoms":125,"PepExecutionCompleteTime":16,"PeptideName":"Leu1-zervamicin","PepExecIsomorLightMatchTime":0,"PepExecTilingTime":0,"PepExecIsomorphismTime":16},{"PeptideID":"427","PepExecIsomorStrictMatchTime":5,"PepNumAtoms":59,"PepExecutionCompleteTime":5,"PeptideName":"aurilide","PepExecIsomorLightMatchTime":0,"PepExecTilingTime":0,"PepExecIsomorphismTime":5},{"PeptideID":"258","PepExecIsomorStrictMatchTime":7,"PepNumAtoms":68,"PepExecutionCompleteTime":7,"PeptideName":"anabaenopeptilide 90B","PepExecIsomorLightMatchTime":0,"PepExecTilingTime":0,"PepExecIsomorphismTime":7},{"PeptideID":"257","PepExecIsomorStrictMatchTime":7,"PepNumAtoms":68,"PepExecutionCompleteTime":7,"PeptideName":"anabaenopeptilide 90A","PepExecIsomorLightMatchTime":0,"PepExecTilingTime":0,"PepExecIsomorphismTime":7},{"PeptideID":"231","PepExecIsomorStrictMatchTime":14,"PepNumAtoms":88,"PepExecutionCompleteTime":14,"PeptideName":"actinomycin III","PepExecIsomorLightMatchTime":0,"PepExecTilingTime":0,"PepExecIsomorphismTime":14},{"PeptideID":"1067","PepExecIsomorStrictMatchTime":9,"PepNumAtoms":86,"PepExecutionCompleteTime":9,"PeptideName":"polymyxin B6","PepExecIsomorLightMatchTime":0,"PepExecTilingTime":0,"PepExecIsomorphismTime":9},{"PeptideID":"1066","PepExecIsomorStrictMatchTime":9,"PepNumAtoms":85,"PepExecutionCompleteTime":10,"PeptideName":"polymyxin B5","PepExecIsomorLightMatchTime":0,"PepExecTilingTime":1,"PepExecIsomorphismTime":9},{"PeptideID":"1065","PepExecIsomorStrictMatchTime":9,"PepNumAtoms":83,"PepExecutionCompleteTime":9,"PeptideName":"polymyxin B4","PepExecIsomorLightMatchTime":0,"PepExecTilingTime":0,"PepExecIsomorphismTime":9},{"PeptideID":"1064","PepExecIsomorStrictMatchTime":10,"PepNumAtoms":84,"PepExecutionCompleteTime":10,"PeptideName":"polymyxin B3","PepExecIsomorLightMatchTime":0,"PepExecTilingTime":0,"PepExecIsomorphismTime":10},{"PeptideID":"637","PepExecIsomorStrictMatchTime":4,"PepNumAtoms":38,"PepExecutionCompleteTime":4,"PeptideName":"tuberactinamine","PepExecIsomorLightMatchTime":0,"PepExecTilingTime":0,"PepExecIsomorphismTime":4},{"PeptideID":"1063","PepExecIsomorStrictMatchTime":10,"PepNumAtoms":84,"PepExecutionCompleteTime":10,"PeptideName":"polymyxin B2","PepExecIsomorLightMatchTime":0,"PepExecTilingTime":0,"PepExecIsomorphismTime":10},{"PeptideID":"1056","PepExecIsomorStrictMatchTime":9,"PepNumAtoms":85,"PepExecutionCompleteTime":9,"PeptideName":"polymyxin B1","PepExecIsomorLightMatchTime":0,"PepExecTilingTime":0,"PepExecIsomorphismTime":9},{"PeptideID":"270","PepExecIsomorStrictMatchTime":5,"PepNumAtoms":57,"PepExecutionCompleteTime":17,"PeptideName":"anabaenopeptin J","PepExecIsomorLightMatchTime":11,"PepExecTilingTime":1,"PepExecIsomorphismTime":16},{"PeptideID":"269","PepExecIsomorStrictMatchTime":5,"PepNumAtoms":54,"PepExecutionCompleteTime":16,"PeptideName":"anabaenopeptin I","PepExecIsomorLightMatchTime":11,"PepExecTilingTime":0,"PepExecIsomorphismTime":16},{"PeptideID":"268","PepExecIsomorStrictMatchTime":7,"PepNumAtoms":66,"PepExecutionCompleteTime":17,"PeptideName":"anabaenopeptin H","PepExecIsomorLightMatchTime":10,"PepExecTilingTime":0,"PepExecIsomorphismTime":17},{"PeptideID":"267","PepExecIsomorStrictMatchTime":7,"PepNumAtoms":67,"PepExecutionCompleteTime":32,"PeptideName":"anabaenopeptin G","PepExecIsomorLightMatchTime":24,"PepExecTilingTime":1,"PepExecIsomorphismTime":31},{"PeptideID":"266","PepExecIsomorStrictMatchTime":6,"PepNumAtoms":61,"PepExecutionCompleteTime":16,"PeptideName":"anabaenopeptin F","PepExecIsomorLightMatchTime":10,"PepExecTilingTime":0,"PepExecIsomorphismTime":16},{"PeptideID":"265","PepExecIsomorStrictMatchTime":6,"PepNumAtoms":61,"PepExecutionCompleteTime":18,"PeptideName":"anabaenopeptin E","PepExecIsomorLightMatchTime":10,"PepExecTilingTime":2,"PepExecIsomorphismTime":16},{"PeptideID":"262","PepExecIsomorStrictMatchTime":6,"PepNumAtoms":60,"PepExecutionCompleteTime":16,"PeptideName":"anabaenopeptin B","PepExecIsomorLightMatchTime":10,"PepExecTilingTime":0,"PepExecIsomorphismTime":16},{"PeptideID":"434","PepExecIsomorStrictMatchTime":4,"PepNumAtoms":43,"PepExecutionCompleteTime":4,"PeptideName":"guineamide A","PepExecIsomorLightMatchTime":0,"PepExecTilingTime":0,"PepExecIsomorphismTime":4},{"PeptideID":"670","PepExecIsomorStrictMatchTime":2,"PepNumAtoms":21,"PepExecutionCompleteTime":2,"PeptideName":"phosphinothricin tripeptide","PepExecIsomorLightMatchTime":0,"PepExecTilingTime":0,"PepExecIsomorphismTime":2},{"PeptideID":"435","PepExecIsomorStrictMatchTime":3,"PepNumAtoms":44,"PepExecutionCompleteTime":3,"PeptideName":"guineamide B","PepExecIsomorLightMatchTime":0,"PepExecTilingTime":0,"PepExecIsomorphismTime":3},{"PeptideID":"210","PepExecIsomorStrictMatchTime":3,"PepNumAtoms":26,"PepExecutionCompleteTime":3,"PeptideName":"chrysobactin","PepExecIsomorLightMatchTime":0,"PepExecTilingTime":0,"PepExecIsomorphismTime":3},{"PeptideID":"436","PepExecIsomorStrictMatchTime":4,"PepNumAtoms":46,"PepExecutionCompleteTime":4,"PeptideName":"guineamide C","PepExecIsomorLightMatchTime":0,"PepExecTilingTime":0,"PepExecIsomorphismTime":4},{"PeptideID":"945","PepExecIsomorStrictMatchTime":12,"PepNumAtoms":119,"PepExecutionCompleteTime":12,"PeptideName":"antiamoebin I","PepExecIsomorLightMatchTime":0,"PepExecTilingTime":0,"PepExecIsomorphismTime":12},{"PeptideID":"396","PepExecIsomorStrictMatchTime":12,"PepNumAtoms":106,"PepExecutionCompleteTime":13,"PeptideName":"kahalalide G","PepExecIsomorLightMatchTime":0,"PepExecTilingTime":1,"PepExecIsomorphismTime":12},{"PeptideID":"1058","PepExecIsomorStrictMatchTime":9,"PepNumAtoms":82,"PepExecutionCompleteTime":9,"PeptideName":"polymyxin E1","PepExecIsomorLightMatchTime":0,"PepExecTilingTime":0,"PepExecIsomorphismTime":9},{"PeptideID":"390","PepExecIsomorStrictMatchTime":12,"PepNumAtoms":105,"PepExecutionCompleteTime":12,"PeptideName":"kahalalide F","PepExecIsomorLightMatchTime":0,"PepExecTilingTime":0,"PepExecIsomorphismTime":12},{"PeptideID":"634","PepExecIsomorStrictMatchTime":4,"PepNumAtoms":49,"PepExecutionCompleteTime":25,"PeptideName":"tuberactinomycin A","PepExecIsomorLightMatchTime":19,"PepExecTilingTime":2,"PepExecIsomorphismTime":23},{"PeptideID":"1129","PepExecIsomorStrictMatchTime":5,"PepNumAtoms":76,"PepExecutionCompleteTime":5,"PeptideName":"triostin A","PepExecIsomorLightMatchTime":0,"PepExecTilingTime":0,"PepExecIsomorphismTime":5},{"PeptideID":"391","PepExecIsomorStrictMatchTime":6,"PepNumAtoms":64,"PepExecutionCompleteTime":6,"PeptideName":"kahalalide A","PepExecIsomorLightMatchTime":0,"PepExecTilingTime":0,"PepExecIsomorphismTime":6},{"PeptideID":"271","PepExecIsomorStrictMatchTime":7,"PepNumAtoms":62,"PepExecutionCompleteTime":19,"PeptideName":"anabaenopeptin T","PepExecIsomorLightMatchTime":11,"PepExecTilingTime":1,"PepExecIsomorphismTime":18},{"PeptideID":"1130","PepExecIsomorStrictMatchTime":6,"PepNumAtoms":80,"PepExecutionCompleteTime":6,"PeptideName":"triostin C","PepExecIsomorLightMatchTime":0,"PepExecTilingTime":0,"PepExecIsomorphismTime":6},{"PeptideID":"74","PepExecIsomorStrictMatchTime":3,"PepNumAtoms":39,"PepExecutionCompleteTime":3,"PeptideName":"desmethylDestruxin B2","PepExecIsomorLightMatchTime":0,"PepExecTilingTime":0,"PepExecIsomorphismTime":3},{"PeptideID":"395","PepExecIsomorStrictMatchTime":7,"PepNumAtoms":60,"PepExecutionCompleteTime":7,"PeptideName":"kahalalide E","PepExecIsomorLightMatchTime":0,"PepExecTilingTime":0,"PepExecIsomorphismTime":7},{"PeptideID":"394","PepExecIsomorStrictMatchTime":5,"PepNumAtoms":43,"PepExecutionCompleteTime":5,"PeptideName":"kahalalide D","PepExecIsomorLightMatchTime":0,"PepExecTilingTime":0,"PepExecIsomorphismTime":5},{"PeptideID":"1068","PepExecIsomorStrictMatchTime":9,"PepNumAtoms":81,"PepExecutionCompleteTime":9,"PeptideName":"polymyxin E2","PepExecIsomorLightMatchTime":0,"PepExecTilingTime":0,"PepExecIsomorphismTime":9},{"PeptideID":"21","PepExecIsomorStrictMatchTime":10,"PepNumAtoms":99,"PepExecutionCompleteTime":22,"PeptideName":"bacitracin B3","PepExecIsomorLightMatchTime":11,"PepExecTilingTime":1,"PepExecIsomorphismTime":21},{"PeptideID":"20","PepExecIsomorStrictMatchTime":14,"PepNumAtoms":99,"PepExecutionCompleteTime":75,"PeptideName":"bacitracin B2","PepExecIsomorLightMatchTime":58,"PepExecTilingTime":3,"PepExecIsomorphismTime":72},{"PeptideID":"331","PepExecIsomorStrictMatchTime":10,"PepNumAtoms":79,"PepExecutionCompleteTime":10,"PeptideName":"viscosin","PepExecIsomorLightMatchTime":0,"PepExecTilingTime":0,"PepExecIsomorphismTime":10},{"PeptideID":"916","PepExecIsomorStrictMatchTime":16,"PepNumAtoms":99,"PepExecutionCompleteTime":46,"PeptideName":"bacitracin B1","PepExecIsomorLightMatchTime":25,"PepExecTilingTime":5,"PepExecIsomorphismTime":41},{"PeptideID":"121","PepExecIsomorStrictMatchTime":11,"PepNumAtoms":71,"PepExecutionCompleteTime":11,"PeptideName":"microcystin LF","PepExecIsomorLightMatchTime":0,"PepExecTilingTime":0,"PepExecIsomorphismTime":11},{"PeptideID":"646","PepExecIsomorStrictMatchTime":6,"PepNumAtoms":46,"PepExecutionCompleteTime":6,"PeptideName":"globomycin","PepExecIsomorLightMatchTime":0,"PepExecTilingTime":0,"PepExecIsomorphismTime":6},{"PeptideID":"7","PepExecIsomorStrictMatchTime":19,"PepNumAtoms":139,"PepExecutionCompleteTime":19,"PeptideName":"alamethicin F50","PepExecIsomorLightMatchTime":0,"PepExecTilingTime":0,"PepExecIsomorphismTime":19},{"PeptideID":"106","PepExecIsomorStrictMatchTime":6,"PepNumAtoms":65,"PepExecutionCompleteTime":6,"PeptideName":"microcystin LA","PepExecIsomorLightMatchTime":0,"PepExecTilingTime":0,"PepExecIsomorphismTime":6},{"PeptideID":"633","PepExecIsomorStrictMatchTime":5,"PepNumAtoms":48,"PepExecutionCompleteTime":17,"PeptideName":"viomycin","PepExecIsomorLightMatchTime":12,"PepExecTilingTime":0,"PepExecIsomorphismTime":17},{"PeptideID":"803","PepExecIsomorStrictMatchTime":16,"PepNumAtoms":109,"PepExecutionCompleteTime":38,"PeptideName":"kahalalide S","PepExecIsomorLightMatchTime":18,"PepExecTilingTime":4,"PepExecIsomorphismTime":34},{"PeptideID":"802","PepExecIsomorStrictMatchTime":17,"PepNumAtoms":108,"PepExecutionCompleteTime":17,"PeptideName":"kahalalide R","PepExecIsomorLightMatchTime":0,"PepExecTilingTime":0,"PepExecIsomorphismTime":17},{"PeptideID":"440","PepExecIsomorStrictMatchTime":4,"PepNumAtoms":42,"PepExecutionCompleteTime":4,"PeptideName":"obyanamide","PepExecIsomorLightMatchTime":0,"PepExecTilingTime":0,"PepExecIsomorphismTime":4},{"PeptideID":"125","PepExecIsomorStrictMatchTime":12,"PepNumAtoms":72,"PepExecutionCompleteTime":12,"PeptideName":"microcystin LY","PepExecIsomorLightMatchTime":0,"PepExecTilingTime":0,"PepExecIsomorphismTime":12},{"PeptideID":"568","PepExecIsomorStrictMatchTime":10,"PepNumAtoms":118,"PepExecutionCompleteTime":56,"PeptideName":"theonellamide D","PepExecIsomorLightMatchTime":37,"PepExecTilingTime":9,"PepExecIsomorphismTime":47},{"PeptideID":"627","PepExecIsomorStrictMatchTime":3,"PepNumAtoms":35,"PepExecutionCompleteTime":3,"PeptideName":"malformin A1","PepExecIsomorLightMatchTime":0,"PepExecTilingTime":0,"PepExecIsomorphismTime":3},{"PeptideID":"228","PepExecIsomorStrictMatchTime":8,"PepNumAtoms":90,"PepExecutionCompleteTime":8,"PeptideName":"actinomycin D","PepExecIsomorLightMatchTime":0,"PepExecTilingTime":0,"PepExecIsomorphismTime":8},{"PeptideID":"570","PepExecIsomorStrictMatchTime":10,"PepNumAtoms":109,"PepExecutionCompleteTime":44,"PeptideName":"theonellamide F","PepExecIsomorLightMatchTime":28,"PepExecTilingTime":6,"PepExecIsomorphismTime":38},{"PeptideID":"569","PepExecIsomorStrictMatchTime":11,"PepNumAtoms":120,"PepExecutionCompleteTime":62,"PeptideName":"theonellamide E","PepExecIsomorLightMatchTime":41,"PepExecTilingTime":10,"PepExecIsomorphismTime":52},{"PeptideID":"229","PepExecIsomorStrictMatchTime":8,"PepNumAtoms":90,"PepExecutionCompleteTime":8,"PeptideName":"actinomycin I","PepExecIsomorLightMatchTime":0,"PepExecTilingTime":0,"PepExecIsomorphismTime":8},{"PeptideID":"110","PepExecIsomorStrictMatchTime":13,"PepNumAtoms":74,"PepExecutionCompleteTime":13,"PeptideName":"microcystin LW","PepExecIsomorLightMatchTime":0,"PepExecTilingTime":0,"PepExecIsomorphismTime":13},{"PeptideID":"575","PepExecIsomorStrictMatchTime":5,"PepNumAtoms":55,"PepExecutionCompleteTime":6,"PeptideName":"waiakeamide","PepExecIsomorLightMatchTime":0,"PepExecTilingTime":1,"PepExecIsomorphismTime":5},{"PeptideID":"565","PepExecIsomorStrictMatchTime":11,"PepNumAtoms":121,"PepExecutionCompleteTime":63,"PeptideName":"theonellamide A","PepExecIsomorLightMatchTime":40,"PepExecTilingTime":12,"PepExecIsomorphismTime":51},{"PeptideID":"456","PepExecIsomorStrictMatchTime":3,"PepNumAtoms":38,"PepExecutionCompleteTime":3,"PeptideName":"hemiasterlin","PepExecIsomorLightMatchTime":0,"PepExecTilingTime":0,"PepExecIsomorphismTime":3},{"PeptideID":"825","PepExecIsomorStrictMatchTime":5,"PepNumAtoms":55,"PepExecutionCompleteTime":52,"PeptideName":"motuporin","PepExecIsomorLightMatchTime":25,"PepExecTilingTime":22,"PepExecIsomorphismTime":30},{"PeptideID":"109","PepExecIsomorStrictMatchTime":7,"PepNumAtoms":71,"PepExecutionCompleteTime":7,"PeptideName":"microcystin LR","PepExecIsomorLightMatchTime":0,"PepExecTilingTime":0,"PepExecIsomorphismTime":7},{"PeptideID":"929","PepExecIsomorStrictMatchTime":17,"PepNumAtoms":136,"PepExecutionCompleteTime":553,"PeptideName":"avoparcin-beta","PepExecIsomorLightMatchTime":250,"PepExecTilingTime":286,"PepExecIsomorphismTime":267},{"PeptideID":"330","PepExecIsomorStrictMatchTime":5,"PepNumAtoms":63,"PepExecutionCompleteTime":5,"PeptideName":"bacillibactin","PepExecIsomorLightMatchTime":0,"PepExecTilingTime":0,"PepExecIsomorphismTime":5},{"PeptideID":"111","PepExecIsomorStrictMatchTime":13,"PepNumAtoms":68,"PepExecutionCompleteTime":13,"PeptideName":"microcystin LL","PepExecIsomorLightMatchTime":0,"PepExecTilingTime":0,"PepExecIsomorphismTime":13},{"PeptideID":"18","PepExecIsomorStrictMatchTime":15,"PepNumAtoms":100,"PepExecutionCompleteTime":46,"PeptideName":"bacitracin A1","PepExecIsomorLightMatchTime":25,"PepExecTilingTime":6,"PepExecIsomorphismTime":40},{"PeptideID":"536","PepExecIsomorStrictMatchTime":6,"PepNumAtoms":54,"PepExecutionCompleteTime":6,"PeptideName":"phakellistatin 14","PepExecIsomorLightMatchTime":0,"PepExecTilingTime":0,"PepExecIsomorphismTime":6},{"PeptideID":"232","PepExecIsomorStrictMatchTime":15,"PepNumAtoms":91,"PepExecutionCompleteTime":15,"PeptideName":"actinomycin V","PepExecIsomorLightMatchTime":0,"PepExecTilingTime":0,"PepExecIsomorphismTime":15},{"PeptideID":"632","PepExecIsomorStrictMatchTime":4,"PepNumAtoms":35,"PepExecutionCompleteTime":19,"PeptideName":"allomalformin","PepExecIsomorLightMatchTime":12,"PepExecTilingTime":3,"PepExecIsomorphismTime":16},{"PeptideID":"534","PepExecIsomorStrictMatchTime":10,"PepNumAtoms":82,"PepExecutionCompleteTime":10,"PeptideName":"phakellistatin 12","PepExecIsomorLightMatchTime":0,"PepExecTilingTime":0,"PepExecIsomorphismTime":10},{"PeptideID":"535","PepExecIsomorStrictMatchTime":6,"PepNumAtoms":58,"PepExecutionCompleteTime":6,"PeptideName":"phakellistatin 13","PepExecIsomorLightMatchTime":0,"PepExecTilingTime":0,"PepExecIsomorphismTime":6},{"PeptideID":"532","PepExecIsomorStrictMatchTime":7,"PepNumAtoms":63,"PepExecutionCompleteTime":7,"PeptideName":"phakellistatin 10","PepExecIsomorLightMatchTime":0,"PepExecTilingTime":0,"PepExecIsomorphismTime":7},{"PeptideID":"533","PepExecIsomorStrictMatchTime":7,"PepNumAtoms":71,"PepExecutionCompleteTime":7,"PeptideName":"phakellistatin 11","PepExecIsomorLightMatchTime":0,"PepExecTilingTime":0,"PepExecIsomorphismTime":7},{"PeptideID":"279","PepExecIsomorStrictMatchTime":6,"PepNumAtoms":59,"PepExecutionCompleteTime":6,"PeptideName":"nodularin R","PepExecIsomorLightMatchTime":0,"PepExecTilingTime":0,"PepExecIsomorphismTime":6},{"PeptideID":"252","PepExecIsomorStrictMatchTime":4,"PepNumAtoms":57,"PepExecutionCompleteTime":4,"PeptideName":"beauvericin","PepExecIsomorLightMatchTime":0,"PepExecTilingTime":0,"PepExecIsomorphismTime":4},{"PeptideID":"75","PepExecIsomorStrictMatchTime":4,"PepNumAtoms":43,"PepExecutionCompleteTime":4,"PeptideName":"homoDestruxin B","PepExecIsomorLightMatchTime":0,"PepExecTilingTime":0,"PepExecIsomorphismTime":4},{"PeptideID":"304","PepExecIsomorStrictMatchTime":5,"PepNumAtoms":31,"PepExecutionCompleteTime":5,"PeptideName":"HC-toxin","PepExecIsomorLightMatchTime":0,"PepExecTilingTime":0,"PepExecIsomorphismTime":5},{"PeptideID":"660","PepExecIsomorStrictMatchTime":10,"PepNumAtoms":108,"PepExecutionCompleteTime":28,"PeptideName":"mycobacillin","PepExecIsomorLightMatchTime":9,"PepExecTilingTime":9,"PepExecIsomorphismTime":19},{"PeptideID":"678","PepExecIsomorStrictMatchTime":5,"PepNumAtoms":62,"PepExecutionCompleteTime":5,"PeptideName":"pristinamycin IC","PepExecIsomorLightMatchTime":0,"PepExecTilingTime":0,"PepExecIsomorphismTime":5},{"PeptideID":"226","PepExecIsomorStrictMatchTime":17,"PepNumAtoms":104,"PepExecutionCompleteTime":17,"PeptideName":"fengycin A","PepExecIsomorLightMatchTime":0,"PepExecTilingTime":0,"PepExecIsomorphismTime":17},{"PeptideID":"676","PepExecIsomorStrictMatchTime":5,"PepNumAtoms":63,"PepExecutionCompleteTime":5,"PeptideName":"pristinamycin IA","PepExecIsomorLightMatchTime":0,"PepExecTilingTime":0,"PepExecIsomorphismTime":5},{"PeptideID":"677","PepExecIsomorStrictMatchTime":4,"PepNumAtoms":62,"PepExecutionCompleteTime":4,"PeptideName":"pristinamycin IB","PepExecIsomorLightMatchTime":0,"PepExecTilingTime":0,"PepExecIsomorphismTime":4},{"PeptideID":"251","PepExecIsomorStrictMatchTime":3,"PepNumAtoms":48,"PepExecutionCompleteTime":3,"PeptideName":"enterobactin","PepExecIsomorLightMatchTime":0,"PepExecTilingTime":0,"PepExecIsomorphismTime":3},{"PeptideID":"278","PepExecIsomorStrictMatchTime":6,"PepNumAtoms":62,"PepExecutionCompleteTime":33,"PeptideName":"oscillamide Y","PepExecIsomorLightMatchTime":26,"PepExecTilingTime":1,"PepExecIsomorphismTime":32},{"PeptideID":"502","PepExecIsomorStrictMatchTime":10,"PepNumAtoms":99,"PepExecutionCompleteTime":27,"PeptideName":"theonellapeptolide IIIe","PepExecIsomorLightMatchTime":17,"PepExecTilingTime":0,"PepExecIsomorphismTime":27},{"PeptideID":"657","PepExecIsomorStrictMatchTime":12,"PepNumAtoms":106,"PepExecutionCompleteTime":12,"PeptideName":"gratisin","PepExecIsomorLightMatchTime":0,"PepExecTilingTime":0,"PepExecIsomorphismTime":12},{"PeptideID":"329","PepExecIsomorStrictMatchTime":4,"PepNumAtoms":47,"PepExecutionCompleteTime":4,"PeptideName":"jaspamide","PepExecIsomorLightMatchTime":0,"PepExecTilingTime":0,"PepExecIsomorphismTime":4},{"PeptideID":"621","PepExecIsomorStrictMatchTime":6,"PepNumAtoms":70,"PepExecutionCompleteTime":6,"PeptideName":"majusculamide C","PepExecIsomorLightMatchTime":0,"PepExecTilingTime":0,"PepExecIsomorphismTime":6},{"PeptideID":"681","PepExecIsomorStrictMatchTime":11,"PepNumAtoms":101,"PepExecutionCompleteTime":11,"PeptideName":"vancomycin","PepExecIsomorLightMatchTime":0,"PepExecTilingTime":0,"PepExecIsomorphismTime":11},{"PeptideID":"488","PepExecIsomorStrictMatchTime":10,"PepNumAtoms":47,"PepExecutionCompleteTime":29,"PeptideName":"miraziridine A","PepExecIsomorLightMatchTime":19,"PepExecTilingTime":0,"PepExecIsomorphismTime":29},{"PeptideID":"731","PepExecIsomorStrictMatchTime":7,"PepNumAtoms":71,"PepExecutionCompleteTime":45,"PeptideName":"apramide F","PepExecIsomorLightMatchTime":36,"PepExecTilingTime":2,"PepExecIsomorphismTime":43},{"PeptideID":"730","PepExecIsomorStrictMatchTime":7,"PepNumAtoms":70,"PepExecutionCompleteTime":36,"PeptideName":"apramide E","PepExecIsomorLightMatchTime":28,"PepExecTilingTime":1,"PepExecIsomorphismTime":35},{"PeptideID":"101","PepExecIsomorStrictMatchTime":5,"PepNumAtoms":48,"PepExecutionCompleteTime":5,"PeptideName":"MK1688","PepExecIsomorLightMatchTime":0,"PepExecTilingTime":0,"PepExecIsomorphismTime":5},{"PeptideID":"411","PepExecIsomorStrictMatchTime":5,"PepNumAtoms":58,"PepExecutionCompleteTime":15,"PeptideName":"apramide G","PepExecIsomorLightMatchTime":10,"PepExecTilingTime":0,"PepExecIsomorphismTime":15},{"PeptideID":"728","PepExecIsomorStrictMatchTime":7,"PepNumAtoms":68,"PepExecutionCompleteTime":7,"PeptideName":"apramide B","PepExecIsomorLightMatchTime":0,"PepExecTilingTime":0,"PepExecIsomorphismTime":7},{"PeptideID":"409","PepExecIsomorStrictMatchTime":7,"PepNumAtoms":69,"PepExecutionCompleteTime":7,"PeptideName":"apramide A","PepExecIsomorLightMatchTime":0,"PepExecTilingTime":0,"PepExecIsomorphismTime":7},{"PeptideID":"410","PepExecIsomorStrictMatchTime":7,"PepNumAtoms":71,"PepExecutionCompleteTime":33,"PeptideName":"apramide D","PepExecIsomorLightMatchTime":24,"PepExecTilingTime":2,"PepExecIsomorphismTime":31},{"PeptideID":"729","PepExecIsomorStrictMatchTime":7,"PepNumAtoms":69,"PepExecutionCompleteTime":17,"PeptideName":"apramide C","PepExecIsomorLightMatchTime":9,"PepExecTilingTime":1,"PepExecIsomorphismTime":16},{"PeptideID":"928","PepExecIsomorStrictMatchTime":23,"PepNumAtoms":135,"PepExecutionCompleteTime":669,"PeptideName":"avoparcin-alpha","PepExecIsomorLightMatchTime":285,"PepExecTilingTime":361,"PepExecIsomorphismTime":308},{"PeptideID":"282","PepExecIsomorStrictMatchTime":7,"PepNumAtoms":78,"PepExecutionCompleteTime":7,"PeptideName":"aureobasidin B","PepExecIsomorLightMatchTime":0,"PepExecTilingTime":0,"PepExecIsomorphismTime":7},{"PeptideID":"1126","PepExecIsomorStrictMatchTime":5,"PepNumAtoms":77,"PepExecutionCompleteTime":11,"PeptideName":"echinomycin","PepExecIsomorLightMatchTime":5,"PepExecTilingTime":1,"PepExecIsomorphismTime":10},{"PeptideID":"281","PepExecIsomorStrictMatchTime":7,"PepNumAtoms":79,"PepExecutionCompleteTime":7,"PeptideName":"aureobasidin A","PepExecIsomorLightMatchTime":0,"PepExecTilingTime":0,"PepExecIsomorphismTime":7},{"PeptideID":"276","PepExecIsomorStrictMatchTime":6,"PepNumAtoms":61,"PepExecutionCompleteTime":16,"PeptideName":"oscillamide B","PepExecIsomorLightMatchTime":10,"PepExecTilingTime":0,"PepExecIsomorphismTime":16},{"PeptideID":"277","PepExecIsomorStrictMatchTime":7,"PepNumAtoms":69,"PepExecutionCompleteTime":18,"PeptideName":"oscillamide C","PepExecIsomorLightMatchTime":11,"PepExecTilingTime":0,"PepExecIsomorphismTime":18},{"PeptideID":"86","PepExecIsomorStrictMatchTime":4,"PepNumAtoms":42,"PepExecutionCompleteTime":15,"PeptideName":"destruxin E","PepExecIsomorLightMatchTime":11,"PepExecTilingTime":0,"PepExecIsomorphismTime":15},{"PeptideID":"636","PepExecIsomorStrictMatchTime":4,"PepNumAtoms":47,"PepExecutionCompleteTime":4,"PeptideName":"tuberactinomycin O","PepExecIsomorLightMatchTime":0,"PepExecTilingTime":0,"PepExecIsomorphismTime":4},{"PeptideID":"65","PepExecIsomorStrictMatchTime":4,"PepNumAtoms":42,"PepExecutionCompleteTime":4,"PeptideName":"destruxin B","PepExecIsomorLightMatchTime":0,"PepExecTilingTime":0,"PepExecIsomorphismTime":4},{"PeptideID":"635","PepExecIsomorStrictMatchTime":3,"PepNumAtoms":48,"PepExecutionCompleteTime":13,"PeptideName":"tuberactinomycin N","PepExecIsomorLightMatchTime":8,"PepExecTilingTime":2,"PepExecIsomorphismTime":11},{"PeptideID":"64","PepExecIsomorStrictMatchTime":5,"PepNumAtoms":41,"PepExecutionCompleteTime":20,"PeptideName":"destruxin A","PepExecIsomorLightMatchTime":14,"PepExecTilingTime":1,"PepExecIsomorphismTime":19},{"PeptideID":"287","PepExecIsomorStrictMatchTime":8,"PepNumAtoms":78,"PepExecutionCompleteTime":8,"PeptideName":"aureobasidin G","PepExecIsomorLightMatchTime":0,"PepExecTilingTime":0,"PepExecIsomorphismTime":8},{"PeptideID":"499","PepExecIsomorStrictMatchTime":11,"PepNumAtoms":100,"PepExecutionCompleteTime":11,"PeptideName":"theonellapeptolide Ie","PepExecIsomorLightMatchTime":0,"PepExecTilingTime":0,"PepExecIsomorphismTime":11},{"PeptideID":"285","PepExecIsomorStrictMatchTime":8,"PepNumAtoms":80,"PepExecutionCompleteTime":8,"PeptideName":"aureobasidin E","PepExecIsomorLightMatchTime":0,"PepExecTilingTime":0,"PepExecIsomorphismTime":8},{"PeptideID":"486","PepExecIsomorStrictMatchTime":8,"PepNumAtoms":34,"PepExecutionCompleteTime":9,"PeptideName":"tokaramide A","PepExecIsomorLightMatchTime":0,"PepExecTilingTime":1,"PepExecIsomorphismTime":8},{"PeptideID":"515","PepExecIsomorStrictMatchTime":6,"PepNumAtoms":54,"PepExecutionCompleteTime":6,"PeptideName":"axinastatin 1","PepExecIsomorLightMatchTime":0,"PepExecTilingTime":0,"PepExecIsomorphismTime":6},{"PeptideID":"382","PepExecIsomorStrictMatchTime":16,"PepNumAtoms":118,"PepExecutionCompleteTime":16,"PeptideName":"didemnin X","PepExecIsomorLightMatchTime":0,"PepExecTilingTime":0,"PepExecIsomorphismTime":16},{"PeptideID":"383","PepExecIsomorStrictMatchTime":17,"PepNumAtoms":127,"PepExecutionCompleteTime":17,"PeptideName":"didemnin Y","PepExecIsomorLightMatchTime":0,"PepExecTilingTime":0,"PepExecIsomorphismTime":17},{"PeptideID":"344","PepExecIsomorStrictMatchTime":19,"PepNumAtoms":140,"PepExecutionCompleteTime":19,"PeptideName":"tolaasin I","PepExecIsomorLightMatchTime":0,"PepExecTilingTime":0,"PepExecIsomorphismTime":19},{"PeptideID":"625","PepExecIsomorStrictMatchTime":6,"PepNumAtoms":58,"PepExecutionCompleteTime":41,"PeptideName":"bottromycin A2","PepExecIsomorLightMatchTime":28,"PepExecTilingTime":7,"PepExecIsomorphismTime":34},{"PeptideID":"876","PepExecIsomorStrictMatchTime":19,"PepNumAtoms":141,"PepExecutionCompleteTime":20,"PeptideName":"tolaasin C","PepExecIsomorLightMatchTime":0,"PepExecTilingTime":1,"PepExecIsomorphismTime":19},{"PeptideID":"347","PepExecIsomorStrictMatchTime":19,"PepNumAtoms":140,"PepExecutionCompleteTime":19,"PeptideName":"tolaasin D","PepExecIsomorLightMatchTime":0,"PepExecTilingTime":0,"PepExecIsomorphismTime":19},{"PeptideID":"875","PepExecIsomorStrictMatchTime":17,"PepNumAtoms":138,"PepExecutionCompleteTime":17,"PeptideName":"tolaasin A","PepExecIsomorLightMatchTime":0,"PepExecTilingTime":0,"PepExecIsomorphismTime":17},{"PeptideID":"692","PepExecIsomorStrictMatchTime":13,"PepNumAtoms":110,"PepExecutionCompleteTime":13,"PeptideName":"decaplanin","PepExecIsomorLightMatchTime":0,"PepExecTilingTime":0,"PepExecIsomorphismTime":13},{"PeptideID":"984","PepExecIsomorStrictMatchTime":15,"PepNumAtoms":128,"PepExecutionCompleteTime":15,"PeptideName":"emerimicin IIB","PepExecIsomorLightMatchTime":0,"PepExecTilingTime":0,"PepExecIsomorphismTime":15},{"PeptideID":"346","PepExecIsomorStrictMatchTime":19,"PepNumAtoms":139,"PepExecutionCompleteTime":19,"PeptideName":"tolaasin B","PepExecIsomorLightMatchTime":0,"PepExecTilingTime":0,"PepExecIsomorphismTime":19},{"PeptideID":"1107","PepExecIsomorStrictMatchTime":10,"PepNumAtoms":45,"PepExecutionCompleteTime":10,"PeptideName":"apicidin","PepExecIsomorLightMatchTime":0,"PepExecTilingTime":0,"PepExecIsomorphismTime":10},{"PeptideID":"280","PepExecIsomorStrictMatchTime":3,"PepNumAtoms":24,"PepExecutionCompleteTime":21,"PeptideName":"anguibactin","PepExecIsomorLightMatchTime":17,"PepExecTilingTime":1,"PepExecIsomorphismTime":20},{"PeptideID":"348","PepExecIsomorStrictMatchTime":18,"PepNumAtoms":137,"PepExecutionCompleteTime":18,"PeptideName":"tolaasin E","PepExecIsomorLightMatchTime":0,"PepExecTilingTime":0,"PepExecIsomorphismTime":18},{"PeptideID":"517","PepExecIsomorStrictMatchTime":6,"PepNumAtoms":56,"PepExecutionCompleteTime":6,"PeptideName":"axinastatin 3","PepExecIsomorLightMatchTime":0,"PepExecTilingTime":0,"PepExecIsomorphismTime":6},{"PeptideID":"516","PepExecIsomorStrictMatchTime":6,"PepNumAtoms":55,"PepExecutionCompleteTime":6,"PeptideName":"axinastatin 2","PepExecIsomorLightMatchTime":0,"PepExecTilingTime":0,"PepExecIsomorphismTime":6},{"PeptideID":"519","PepExecIsomorStrictMatchTime":6,"PepNumAtoms":64,"PepExecutionCompleteTime":6,"PeptideName":"axinastatin 5","PepExecIsomorLightMatchTime":0,"PepExecTilingTime":0,"PepExecIsomorphismTime":6},{"PeptideID":"661","PepExecIsomorStrictMatchTime":18,"PepNumAtoms":166,"PepExecutionCompleteTime":62,"PeptideName":"enduracidin A","PepExecIsomorLightMatchTime":42,"PepExecTilingTime":2,"PepExecIsomorphismTime":60},{"PeptideID":"475","PepExecIsomorStrictMatchTime":12,"PepNumAtoms":62,"PepExecutionCompleteTime":40,"PeptideName":"cyclotheonamide E","PepExecIsomorLightMatchTime":27,"PepExecTilingTime":1,"PepExecIsomorphismTime":39},{"PeptideID":"762","PepExecIsomorStrictMatchTime":20,"PepNumAtoms":167,"PepExecutionCompleteTime":64,"PeptideName":"enduracidin B","PepExecIsomorLightMatchTime":43,"PepExecTilingTime":1,"PepExecIsomorphismTime":63},{"PeptideID":"445","PepExecIsomorStrictMatchTime":11,"PepNumAtoms":117,"PepExecutionCompleteTime":11,"PeptideName":"microspinosamide","PepExecIsomorLightMatchTime":0,"PepExecTilingTime":0,"PepExecIsomorphismTime":11},{"PeptideID":"357","PepExecIsomorStrictMatchTime":16,"PepNumAtoms":81,"PepExecutionCompleteTime":16,"PeptideName":"syringostatin A","PepExecIsomorLightMatchTime":0,"PepExecTilingTime":0,"PepExecIsomorphismTime":16},{"PeptideID":"485","PepExecIsomorStrictMatchTime":8,"PepNumAtoms":35,"PepExecutionCompleteTime":36,"PeptideName":"andrimid","PepExecIsomorLightMatchTime":27,"PepExecTilingTime":1,"PepExecIsomorphismTime":35},{"PeptideID":"1108","PepExecIsomorStrictMatchTime":6,"PepNumAtoms":43,"PepExecutionCompleteTime":6,"PeptideName":"apicidin A","PepExecIsomorLightMatchTime":0,"PepExecTilingTime":0,"PepExecIsomorphismTime":6},{"PeptideID":"289","PepExecIsomorStrictMatchTime":6,"PepNumAtoms":68,"PepExecutionCompleteTime":7,"PeptideName":"PF1022A","PepExecIsomorLightMatchTime":0,"PepExecTilingTime":1,"PepExecIsomorphismTime":6},{"PeptideID":"1112","PepExecIsomorStrictMatchTime":5,"PepNumAtoms":45,"PepExecutionCompleteTime":53,"PeptideName":"apicidin C","PepExecIsomorLightMatchTime":47,"PepExecTilingTime":1,"PepExecIsomorphismTime":52},{"PeptideID":"294","PepExecIsomorStrictMatchTime":3,"PepNumAtoms":23,"PepExecutionCompleteTime":3,"PeptideName":"coronatine","PepExecIsomorLightMatchTime":0,"PepExecTilingTime":0,"PepExecIsomorphismTime":3},{"PeptideID":"663","PepExecIsomorStrictMatchTime":3,"PepNumAtoms":36,"PepExecutionCompleteTime":50,"PeptideName":"nocardicin A","PepExecIsomorLightMatchTime":46,"PepExecTilingTime":1,"PepExecIsomorphismTime":49},{"PeptideID":"459","PepExecIsomorStrictMatchTime":3,"PepNumAtoms":37,"PepExecutionCompleteTime":3,"PeptideName":"hemiasterlin C","PepExecIsomorLightMatchTime":0,"PepExecTilingTime":0,"PepExecIsomorphismTime":3},{"PeptideID":"819","PepExecIsomorStrictMatchTime":4,"PepNumAtoms":35,"PepExecutionCompleteTime":50,"PeptideName":"nocardicin C","PepExecIsomorLightMatchTime":46,"PepExecTilingTime":0,"PepExecIsomorphismTime":50},{"PeptideID":"818","PepExecIsomorStrictMatchTime":3,"PepNumAtoms":36,"PepExecutionCompleteTime":49,"PeptideName":"nocardicin B","PepExecIsomorLightMatchTime":45,"PepExecTilingTime":1,"PepExecIsomorphismTime":48},{"PeptideID":"457","PepExecIsomorStrictMatchTime":3,"PepNumAtoms":37,"PepExecutionCompleteTime":3,"PeptideName":"hemiasterlin A","PepExecIsomorLightMatchTime":0,"PepExecTilingTime":0,"PepExecIsomorphismTime":3},{"PeptideID":"821","PepExecIsomorStrictMatchTime":3,"PepNumAtoms":29,"PepExecutionCompleteTime":45,"PeptideName":"nocardicin E","PepExecIsomorLightMatchTime":42,"PepExecTilingTime":0,"PepExecIsomorphismTime":45},{"PeptideID":"820","PepExecIsomorStrictMatchTime":4,"PepNumAtoms":35,"PepExecutionCompleteTime":52,"PeptideName":"nocardicin D","PepExecIsomorLightMatchTime":45,"PepExecTilingTime":3,"PepExecIsomorphismTime":49},{"PeptideID":"823","PepExecIsomorStrictMatchTime":3,"PepNumAtoms":28,"PepExecutionCompleteTime":44,"PeptideName":"nocardicin G","PepExecIsomorLightMatchTime":40,"PepExecTilingTime":1,"PepExecIsomorphismTime":43},{"PeptideID":"822","PepExecIsomorStrictMatchTime":4,"PepNumAtoms":29,"PepExecutionCompleteTime":44,"PeptideName":"nocardicin F","PepExecIsomorLightMatchTime":39,"PepExecTilingTime":1,"PepExecIsomorphismTime":43},{"PeptideID":"51","PepExecIsomorStrictMatchTime":9,"PepNumAtoms":84,"PepExecutionCompleteTime":10,"PeptideName":"cyclosporin U","PepExecIsomorLightMatchTime":0,"PepExecTilingTime":1,"PepExecIsomorphismTime":9},{"PeptideID":"108","PepExecIsomorStrictMatchTime":8,"PepNumAtoms":75,"PepExecutionCompleteTime":8,"PeptideName":"microcystin YR","PepExecIsomorLightMatchTime":0,"PepExecTilingTime":0,"PepExecIsomorphismTime":8},{"PeptideID":"766","PepExecIsomorStrictMatchTime":11,"PepNumAtoms":92,"PepExecutionCompleteTime":11,"PeptideName":"friulimicin B","PepExecIsomorLightMatchTime":0,"PepExecTilingTime":0,"PepExecIsomorphismTime":11},{"PeptideID":"426","PepExecIsomorStrictMatchTime":5,"PepNumAtoms":53,"PepExecutionCompleteTime":14,"PeptideName":"gymnangiamide","PepExecIsomorLightMatchTime":6,"PepExecTilingTime":3,"PepExecIsomorphismTime":11},{"PeptideID":"685","PepExecIsomorStrictMatchTime":10,"PepNumAtoms":101,"PepExecutionCompleteTime":10,"PeptideName":"balhimycin","PepExecIsomorLightMatchTime":0,"PepExecTilingTime":0,"PepExecIsomorphismTime":10},{"PeptideID":"234","PepExecIsomorStrictMatchTime":16,"PepNumAtoms":92,"PepExecutionCompleteTime":16,"PeptideName":"actinomycin VII","PepExecIsomorLightMatchTime":0,"PepExecTilingTime":0,"PepExecIsomorphismTime":16},{"PeptideID":"28","PepExecIsomorStrictMatchTime":8,"PepNumAtoms":107,"PepExecutionCompleteTime":8,"PeptideName":"CDA4a","PepExecIsomorLightMatchTime":0,"PepExecTilingTime":0,"PepExecIsomorphismTime":8},{"PeptideID":"29","PepExecIsomorStrictMatchTime":8,"PepNumAtoms":107,"PepExecutionCompleteTime":8,"PeptideName":"CDA4b","PepExecIsomorLightMatchTime":0,"PepExecTilingTime":0,"PepExecIsomorphismTime":8},{"PeptideID":"255","PepExecIsomorStrictMatchTime":4,"PepNumAtoms":53,"PepExecutionCompleteTime":4,"PeptideName":"beauvericin E","PepExecIsomorLightMatchTime":0,"PepExecTilingTime":0,"PepExecIsomorphismTime":4},{"PeptideID":"256","PepExecIsomorStrictMatchTime":5,"PepNumAtoms":58,"PepExecutionCompleteTime":5,"PeptideName":"beauvericin F","PepExecIsomorLightMatchTime":0,"PepExecTilingTime":0,"PepExecIsomorphismTime":5},{"PeptideID":"691","PepExecIsomorStrictMatchTime":11,"PepNumAtoms":102,"PepExecutionCompleteTime":11,"PeptideName":"chloroorienticin E","PepExecIsomorLightMatchTime":0,"PepExecTilingTime":0,"PepExecIsomorphismTime":11},{"PeptideID":"690","PepExecIsomorStrictMatchTime":13,"PepNumAtoms":112,"PepExecutionCompleteTime":13,"PeptideName":"chloroorienticin D","PepExecIsomorLightMatchTime":0,"PepExecTilingTime":0,"PepExecIsomorphismTime":13},{"PeptideID":"689","PepExecIsomorStrictMatchTime":8,"PepNumAtoms":90,"PepExecutionCompleteTime":8,"PeptideName":"chloroorienticin C","PepExecIsomorLightMatchTime":0,"PepExecTilingTime":0,"PepExecIsomorphismTime":8},{"PeptideID":"988","PepExecIsomorStrictMatchTime":11,"PepNumAtoms":99,"PepExecutionCompleteTime":21,"PeptideName":"harzianin HC I","PepExecIsomorLightMatchTime":10,"PepExecTilingTime":0,"PepExecIsomorphismTime":21},{"PeptideID":"688","PepExecIsomorStrictMatchTime":10,"PepNumAtoms":101,"PepExecutionCompleteTime":11,"PeptideName":"chloroorienticin B","PepExecIsomorLightMatchTime":0,"PepExecTilingTime":1,"PepExecIsomorphismTime":10},{"PeptideID":"687","PepExecIsomorStrictMatchTime":12,"PepNumAtoms":111,"PepExecutionCompleteTime":12,"PeptideName":"chloroorienticin A","PepExecIsomorLightMatchTime":0,"PepExecTilingTime":0,"PepExecIsomorphismTime":12},{"PeptideID":"560","PepExecIsomorStrictMatchTime":8,"PepNumAtoms":75,"PepExecutionCompleteTime":8,"PeptideName":"cyclolinopeptide A","PepExecIsomorLightMatchTime":0,"PepExecTilingTime":0,"PepExecIsomorphismTime":8},{"PeptideID":"303","PepExecIsomorStrictMatchTime":3,"PepNumAtoms":21,"PepExecutionCompleteTime":3,"PeptideName":"brevianamide F","PepExecIsomorLightMatchTime":0,"PepExecTilingTime":0,"PepExecIsomorphismTime":3},{"PeptideID":"243","PepExecIsomorStrictMatchTime":18,"PepNumAtoms":136,"PepExecutionCompleteTime":18,"PeptideName":"Val-gramicidin A","PepExecIsomorLightMatchTime":0,"PepExecTilingTime":0,"PepExecIsomorphismTime":18},{"PeptideID":"489","PepExecIsomorStrictMatchTime":9,"PepNumAtoms":43,"PepExecutionCompleteTime":51,"PeptideName":"nazumamide A","PepExecIsomorLightMatchTime":34,"PepExecTilingTime":8,"PepExecIsomorphismTime":43},{"PeptideID":"253","PepExecIsomorStrictMatchTime":4,"PepNumAtoms":58,"PepExecutionCompleteTime":4,"PeptideName":"beauvericin A","PepExecIsomorLightMatchTime":0,"PepExecTilingTime":0,"PepExecIsomorphismTime":4},{"PeptideID":"931","PepExecIsomorStrictMatchTime":13,"PepNumAtoms":118,"PepExecutionCompleteTime":13,"PeptideName":"chloropolysporin C","PepExecIsomorLightMatchTime":0,"PepExecTilingTime":0,"PepExecIsomorphismTime":13},{"PeptideID":"299","PepExecIsomorStrictMatchTime":9,"PepNumAtoms":95,"PepExecutionCompleteTime":9,"PeptideName":"tyrocidine B","PepExecIsomorLightMatchTime":0,"PepExecTilingTime":0,"PepExecIsomorphismTime":9},{"PeptideID":"932","PepExecIsomorStrictMatchTime":15,"PepNumAtoms":128,"PepExecutionCompleteTime":15,"PeptideName":"chloropolysporin B","PepExecIsomorLightMatchTime":0,"PepExecTilingTime":0,"PepExecIsomorphismTime":15},{"PeptideID":"824","PepExecIsomorStrictMatchTime":6,"PepNumAtoms":60,"PepExecutionCompleteTime":6,"PeptideName":"nodularin-Har","PepExecIsomorLightMatchTime":0,"PepExecTilingTime":0,"PepExecIsomorphismTime":6},{"PeptideID":"622","PepExecIsomorStrictMatchTime":4,"PepNumAtoms":40,"PepExecutionCompleteTime":17,"PeptideName":"foroxymithine","PepExecIsomorLightMatchTime":12,"PepExecTilingTime":1,"PepExecIsomorphismTime":16},{"PeptideID":"300","PepExecIsomorStrictMatchTime":9,"PepNumAtoms":98,"PepExecutionCompleteTime":9,"PeptideName":"tyrocidine C","PepExecIsomorLightMatchTime":0,"PepExecTilingTime":0,"PepExecIsomorphismTime":9},{"PeptideID":"241","PepExecIsomorStrictMatchTime":13,"PepNumAtoms":91,"PepExecutionCompleteTime":13,"PeptideName":"actinomycin pip1-beta","PepExecIsomorLightMatchTime":0,"PepExecTilingTime":0,"PepExecIsomorphismTime":13},{"PeptideID":"254","PepExecIsomorStrictMatchTime":4,"PepNumAtoms":56,"PepExecutionCompleteTime":5,"PeptideName":"beauvericin D","PepExecIsomorLightMatchTime":0,"PepExecTilingTime":1,"PepExecIsomorphismTime":4},{"PeptideID":"298","PepExecIsomorStrictMatchTime":9,"PepNumAtoms":92,"PepExecutionCompleteTime":9,"PeptideName":"tyrocidine A","PepExecIsomorLightMatchTime":0,"PepExecTilingTime":0,"PepExecIsomorphismTime":9},{"PeptideID":"471","PepExecIsomorStrictMatchTime":29,"PepNumAtoms":53,"PepExecutionCompleteTime":84,"PeptideName":"cyclotheonamide A","PepExecIsomorLightMatchTime":47,"PepExecTilingTime":8,"PepExecIsomorphismTime":76},{"PeptideID":"375","PepExecIsomorStrictMatchTime":7,"PepNumAtoms":67,"PepExecutionCompleteTime":7,"PeptideName":"didemnin A","PepExecIsomorLightMatchTime":0,"PepExecTilingTime":0,"PepExecIsomorphismTime":7},{"PeptideID":"374","PepExecIsomorStrictMatchTime":9,"PepNumAtoms":79,"PepExecutionCompleteTime":9,"PeptideName":"didemnin B","PepExecIsomorLightMatchTime":0,"PepExecTilingTime":0,"PepExecIsomorphismTime":9},{"PeptideID":"102","PepExecIsomorStrictMatchTime":4,"PepNumAtoms":46,"PepExecutionCompleteTime":4,"PeptideName":"enniatin B4","PepExecIsomorLightMatchTime":0,"PepExecTilingTime":0,"PepExecIsomorphismTime":4},{"PeptideID":"373","PepExecIsomorStrictMatchTime":9,"PepNumAtoms":79,"PepExecutionCompleteTime":9,"PeptideName":"dehydrodidemnin B","PepExecIsomorLightMatchTime":0,"PepExecTilingTime":0,"PepExecIsomorphismTime":9},{"PeptideID":"376","PepExecIsomorStrictMatchTime":8,"PepNumAtoms":72,"PepExecutionCompleteTime":8,"PeptideName":"didemnin C","PepExecIsomorLightMatchTime":0,"PepExecTilingTime":0,"PepExecIsomorphismTime":8},{"PeptideID":"388","PepExecIsomorStrictMatchTime":8,"PepNumAtoms":74,"PepExecutionCompleteTime":8,"PeptideName":"tamandarin A","PepExecIsomorLightMatchTime":0,"PepExecTilingTime":0,"PepExecIsomorphismTime":8},{"PeptideID":"95","PepExecIsomorStrictMatchTime":4,"PepNumAtoms":46,"PepExecutionCompleteTime":4,"PeptideName":"enniatin B1","PepExecIsomorLightMatchTime":0,"PepExecTilingTime":0,"PepExecIsomorphismTime":4},{"PeptideID":"1141","PepExecIsomorStrictMatchTime":4,"PepNumAtoms":39,"PepExecutionCompleteTime":29,"PeptideName":"coelichelin","PepExecIsomorLightMatchTime":11,"PepExecTilingTime":14,"PepExecIsomorphismTime":15},{"PeptideID":"985","PepExecIsomorStrictMatchTime":10,"PepNumAtoms":110,"PepExecutionCompleteTime":11,"PeptideName":"emerimicin III","PepExecIsomorLightMatchTime":0,"PepExecTilingTime":1,"PepExecIsomorphismTime":10},{"PeptideID":"549","PepExecIsomorStrictMatchTime":4,"PepNumAtoms":53,"PepExecutionCompleteTime":4,"PeptideName":"stylostatin 1","PepExecIsomorLightMatchTime":0,"PepExecTilingTime":0,"PepExecIsomorphismTime":4},{"PeptideID":"98","PepExecIsomorStrictMatchTime":3,"PepNumAtoms":46,"PepExecutionCompleteTime":3,"PeptideName":"enniatin  H","PepExecIsomorLightMatchTime":0,"PepExecTilingTime":0,"PepExecIsomorphismTime":3},{"PeptideID":"408","PepExecIsomorStrictMatchTime":5,"PepNumAtoms":64,"PepExecutionCompleteTime":5,"PeptideName":"micromide","PepExecIsomorLightMatchTime":0,"PepExecTilingTime":0,"PepExecIsomorphismTime":5},{"PeptideID":"672","PepExecIsomorStrictMatchTime":4,"PepNumAtoms":63,"PepExecutionCompleteTime":4,"PeptideName":"viridogrisein","PepExecIsomorLightMatchTime":0,"PepExecTilingTime":0,"PepExecIsomorphismTime":4},{"PeptideID":"432","PepExecIsomorStrictMatchTime":6,"PepNumAtoms":51,"PepExecutionCompleteTime":6,"PeptideName":"carmabin A","PepExecIsomorLightMatchTime":0,"PepExecTilingTime":0,"PepExecIsomorphismTime":6},{"PeptideID":"433","PepExecIsomorStrictMatchTime":5,"PepNumAtoms":52,"PepExecutionCompleteTime":6,"PeptideName":"carmabin B","PepExecIsomorLightMatchTime":0,"PepExecTilingTime":1,"PepExecIsomorphismTime":5},{"PeptideID":"842","PepExecIsomorStrictMatchTime":11,"PepNumAtoms":114,"PepExecutionCompleteTime":11,"PeptideName":"polydiscamide D","PepExecIsomorLightMatchTime":0,"PepExecTilingTime":0,"PepExecIsomorphismTime":11},{"PeptideID":"841","PepExecIsomorStrictMatchTime":12,"PepNumAtoms":115,"PepExecutionCompleteTime":12,"PeptideName":"polydiscamide C","PepExecIsomorLightMatchTime":0,"PepExecTilingTime":0,"PepExecIsomorphismTime":12},{"PeptideID":"1173","PepExecIsomorStrictMatchTime":7,"PepNumAtoms":71,"PepExecutionCompleteTime":68,"PeptideName":"kempopeptin A","PepExecIsomorLightMatchTime":60,"PepExecTilingTime":1,"PepExecIsomorphismTime":67},{"PeptideID":"68","PepExecIsomorStrictMatchTime":3,"PepNumAtoms":40,"PepExecutionCompleteTime":16,"PeptideName":"destruxin A2","PepExecIsomorLightMatchTime":12,"PepExecTilingTime":1,"PepExecIsomorphismTime":15},{"PeptideID":"345","PepExecIsomorStrictMatchTime":19,"PepNumAtoms":137,"PepExecutionCompleteTime":19,"PeptideName":"tolaasin II","PepExecIsomorLightMatchTime":0,"PepExecTilingTime":0,"PepExecIsomorphismTime":19},{"PeptideID":"651","PepExecIsomorStrictMatchTime":11,"PepNumAtoms":79,"PepExecutionCompleteTime":11,"PeptideName":"empedopeptin","PepExecIsomorLightMatchTime":0,"PepExecTilingTime":0,"PepExecIsomorphismTime":11},{"PeptideID":"423","PepExecIsomorStrictMatchTime":10,"PepNumAtoms":99,"PepExecutionCompleteTime":15,"PeptideName":"papuamide B","PepExecIsomorLightMatchTime":4,"PepExecTilingTime":1,"PepExecIsomorphismTime":14},{"PeptideID":"71","PepExecIsomorStrictMatchTime":5,"PepNumAtoms":42,"PepExecutionCompleteTime":20,"PeptideName":"destruxin A4","PepExecIsomorLightMatchTime":14,"PepExecTilingTime":1,"PepExecIsomorphismTime":19},{"PeptideID":"422","PepExecIsomorStrictMatchTime":9,"PepNumAtoms":100,"PepExecutionCompleteTime":13,"PeptideName":"papuamide A","PepExecIsomorLightMatchTime":3,"PepExecTilingTime":1,"PepExecIsomorphismTime":12},{"PeptideID":"845","PepExecIsomorStrictMatchTime":23,"PepNumAtoms":182,"PepExecutionCompleteTime":23,"PeptideName":"ramoplanin A3","PepExecIsomorLightMatchTime":0,"PepExecTilingTime":0,"PepExecIsomorphismTime":23},{"PeptideID":"844","PepExecIsomorStrictMatchTime":23,"PepNumAtoms":181,"PepExecutionCompleteTime":23,"PeptideName":"ramoplanin A2","PepExecIsomorLightMatchTime":0,"PepExecTilingTime":0,"PepExecIsomorphismTime":23},{"PeptideID":"923","PepExecIsomorStrictMatchTime":14,"PepNumAtoms":100,"PepExecutionCompleteTime":35,"PeptideName":"bacitracin F","PepExecIsomorLightMatchTime":20,"PepExecTilingTime":1,"PepExecIsomorphismTime":34},{"PeptideID":"662","PepExecIsomorStrictMatchTime":23,"PepNumAtoms":180,"PepExecutionCompleteTime":23,"PeptideName":"ramoplanin A1","PepExecIsomorLightMatchTime":0,"PepExecTilingTime":0,"PepExecIsomorphismTime":23},{"PeptideID":"250","PepExecIsomorStrictMatchTime":5,"PepNumAtoms":51,"PepExecutionCompleteTime":41,"PeptideName":"vibriobactin","PepExecIsomorLightMatchTime":35,"PepExecTilingTime":1,"PepExecIsomorphismTime":40},{"PeptideID":"679","PepExecIsomorStrictMatchTime":4,"PepNumAtoms":60,"PepExecutionCompleteTime":4,"PeptideName":"virginiamycin S","PepExecIsomorLightMatchTime":0,"PepExecTilingTime":0,"PepExecIsomorphismTime":4},{"PeptideID":"239","PepExecIsomorStrictMatchTime":13,"PepNumAtoms":92,"PepExecutionCompleteTime":13,"PeptideName":"actinomycin Z5","PepExecIsomorLightMatchTime":0,"PepExecTilingTime":0,"PepExecIsomorphismTime":13},{"PeptideID":"237","PepExecIsomorStrictMatchTime":13,"PepNumAtoms":93,"PepExecutionCompleteTime":13,"PeptideName":"actinomycin Z3","PepExecIsomorLightMatchTime":0,"PepExecTilingTime":0,"PepExecIsomorphismTime":13},{"PeptideID":"412","PepExecIsomorStrictMatchTime":5,"PepNumAtoms":45,"PepExecutionCompleteTime":5,"PeptideName":"oscillarin","PepExecIsomorLightMatchTime":0,"PepExecTilingTime":0,"PepExecIsomorphismTime":5},{"PeptideID":"235","PepExecIsomorStrictMatchTime":14,"PepNumAtoms":93,"PepExecutionCompleteTime":14,"PeptideName":"actinomycin Z1","PepExecIsomorLightMatchTime":0,"PepExecTilingTime":0,"PepExecIsomorphismTime":14},{"PeptideID":"719","PepExecIsomorStrictMatchTime":11,"PepNumAtoms":98,"PepExecutionCompleteTime":11,"PeptideName":"aciculitin C","PepExecIsomorLightMatchTime":0,"PepExecTilingTime":0,"PepExecIsomorphismTime":11},{"PeptideID":"69","PepExecIsomorStrictMatchTime":4,"PepNumAtoms":40,"PepExecutionCompleteTime":4,"PeptideName":"destruxin B2","PepExecIsomorLightMatchTime":0,"PepExecTilingTime":0,"PepExecIsomorphismTime":4},{"PeptideID":"600","PepExecIsomorStrictMatchTime":11,"PepNumAtoms":96,"PepExecutionCompleteTime":11,"PeptideName":"aciculitin A","PepExecIsomorLightMatchTime":0,"PepExecTilingTime":0,"PepExecIsomorphismTime":11},{"PeptideID":"718","PepExecIsomorStrictMatchTime":12,"PepNumAtoms":97,"PepExecutionCompleteTime":12,"PeptideName":"aciculitin B","PepExecIsomorLightMatchTime":0,"PepExecTilingTime":0,"PepExecIsomorphismTime":12},{"PeptideID":"67","PepExecIsomorStrictMatchTime":5,"PepNumAtoms":43,"PepExecutionCompleteTime":5,"PeptideName":"destruxin B1","PepExecIsomorLightMatchTime":0,"PepExecTilingTime":0,"PepExecIsomorphismTime":5},{"PeptideID":"230","PepExecIsomorStrictMatchTime":14,"PepNumAtoms":86,"PepExecutionCompleteTime":14,"PeptideName":"actinomycin II","PepExecIsomorLightMatchTime":0,"PepExecTilingTime":0,"PepExecIsomorphismTime":14},{"PeptideID":"220","PepExecIsomorStrictMatchTime":10,"PepNumAtoms":74,"PepExecutionCompleteTime":10,"PeptideName":"iturin A-2","PepExecIsomorLightMatchTime":0,"PepExecTilingTime":0,"PepExecIsomorphismTime":10},{"PeptideID":"655","PepExecIsomorStrictMatchTime":9,"PepNumAtoms":90,"PepExecutionCompleteTime":9,"PeptideName":"lysobactin","PepExecIsomorLightMatchTime":0,"PepExecTilingTime":0,"PepExecIsomorphismTime":9},{"PeptideID":"306","PepExecIsomorStrictMatchTime":3,"PepNumAtoms":30,"PepExecutionCompleteTime":3,"PeptideName":"AM-toxin II","PepExecIsomorLightMatchTime":0,"PepExecTilingTime":0,"PepExecIsomorphismTime":3},{"PeptideID":"577","PepExecIsomorStrictMatchTime":5,"PepNumAtoms":54,"PepExecutionCompleteTime":5,"PeptideName":"haligramide B","PepExecIsomorLightMatchTime":0,"PepExecTilingTime":0,"PepExecIsomorphismTime":5},{"PeptideID":"623","PepExecIsomorStrictMatchTime":4,"PepNumAtoms":38,"PepExecutionCompleteTime":4,"PeptideName":"chlamydocin","PepExecIsomorLightMatchTime":0,"PepExecTilingTime":0,"PepExecIsomorphismTime":4},{"PeptideID":"576","PepExecIsomorStrictMatchTime":5,"PepNumAtoms":53,"PepExecutionCompleteTime":5,"PeptideName":"haligramide A","PepExecIsomorLightMatchTime":0,"PepExecTilingTime":0,"PepExecIsomorphismTime":5},{"PeptideID":"840","PepExecIsomorStrictMatchTime":11,"PepNumAtoms":116,"PepExecutionCompleteTime":12,"PeptideName":"polydiscamide B","PepExecIsomorLightMatchTime":0,"PepExecTilingTime":1,"PepExecIsomorphismTime":11},{"PeptideID":"707","PepExecIsomorStrictMatchTime":8,"PepNumAtoms":91,"PepExecutionCompleteTime":16,"PeptideName":"deglucobalhimycin","PepExecIsomorLightMatchTime":2,"PepExecTilingTime":6,"PepExecIsomorphismTime":10},{"PeptideID":"466","PepExecIsomorStrictMatchTime":4,"PepNumAtoms":33,"PepExecutionCompleteTime":4,"PeptideName":"renieramide","PepExecIsomorLightMatchTime":0,"PepExecTilingTime":0,"PepExecIsomorphismTime":4}]