[{"PeptideID":"774","PepExecIsomorStrictMatchTime":14,"PepNumAtoms":45,"PepExecutionCompleteTime":14,"PeptideName":"isariin C","PepExecIsomorLightMatchTime":0,"PepExecTilingTime":0,"PepExecIsomorphismTime":14},{"PeptideID":"775","PepExecIsomorStrictMatchTime":17,"PepNumAtoms":45,"PepExecutionCompleteTime":17,"PeptideName":"isariin D","PepExecIsomorLightMatchTime":0,"PepExecTilingTime":0,"PepExecIsomorphismTime":17},{"PeptideID":"665","PepExecIsomorStrictMatchTime":13,"PepNumAtoms":53,"PepExecutionCompleteTime":13,"PeptideName":"edeine A","PepExecIsomorLightMatchTime":0,"PepExecTilingTime":0,"PepExecIsomorphismTime":13},{"PeptideID":"477","PepExecIsomorStrictMatchTime":38,"PepNumAtoms":59,"PepExecutionCompleteTime":177,"PeptideName":"cyclotheonamide E3","PepExecIsomorLightMatchTime":122,"PepExecTilingTime":17,"PepExecIsomorphismTime":160},{"PeptideID":"477","PepExecIsomorStrictMatchTime":38,"PepNumAtoms":59,"PepExecutionCompleteTime":85,"PeptideName":"cyclotheonamide E3","PepExecIsomorLightMatchTime":39,"PepExecTilingTime":8,"PepExecIsomorphismTime":77},{"PeptideID":"477","PepExecIsomorStrictMatchTime":38,"PepNumAtoms":59,"PepExecutionCompleteTime":74,"PeptideName":"cyclotheonamide E3","PepExecIsomorLightMatchTime":27,"PepExecTilingTime":9,"PepExecIsomorphismTime":65},{"PeptideID":"667","PepExecIsomorStrictMatchTime":11,"PepNumAtoms":52,"PepExecutionCompleteTime":136,"PeptideName":"edeine D","PepExecIsomorLightMatchTime":103,"PepExecTilingTime":22,"PepExecIsomorphismTime":114},{"PeptideID":"667","PepExecIsomorStrictMatchTime":11,"PepNumAtoms":52,"PepExecutionCompleteTime":121,"PeptideName":"edeine D","PepExecIsomorLightMatchTime":84,"PepExecTilingTime":26,"PepExecIsomorphismTime":95},{"PeptideID":"667","PepExecIsomorStrictMatchTime":11,"PepNumAtoms":52,"PepExecutionCompleteTime":65,"PeptideName":"edeine D","PepExecIsomorLightMatchTime":37,"PepExecTilingTime":17,"PepExecIsomorphismTime":48},{"PeptideID":"667","PepExecIsomorStrictMatchTime":11,"PepNumAtoms":52,"PepExecutionCompleteTime":112,"PeptideName":"edeine D","PepExecIsomorLightMatchTime":60,"PepExecTilingTime":41,"PepExecIsomorphismTime":71},{"PeptideID":"666","PepExecIsomorStrictMatchTime":13,"PepNumAtoms":56,"PepExecutionCompleteTime":13,"PeptideName":"edeine B","PepExecIsomorLightMatchTime":0,"PepExecTilingTime":0,"PepExecIsomorphismTime":13},{"PeptideID":"377","PepExecIsomorStrictMatchTime":19,"PepNumAtoms":78,"PepExecutionCompleteTime":71,"PeptideName":"nordidemnin B","PepExecIsomorLightMatchTime":51,"PepExecTilingTime":1,"PepExecIsomorphismTime":70},{"PeptideID":"1081","PepExecIsomorStrictMatchTime":31,"PepNumAtoms":138,"PepExecutionCompleteTime":31,"PeptideName":"feglymycin","PepExecIsomorLightMatchTime":0,"PepExecTilingTime":0,"PepExecIsomorphismTime":31},{"PeptideID":"318","PepExecIsomorStrictMatchTime":17,"PepNumAtoms":35,"PepExecutionCompleteTime":17,"PeptideName":"beauverolide i","PepExecIsomorLightMatchTime":0,"PepExecTilingTime":0,"PepExecIsomorphismTime":17},{"PeptideID":"693","PepExecIsomorStrictMatchTime":26,"PepNumAtoms":110,"PepExecutionCompleteTime":26,"PeptideName":"eremomycin","PepExecIsomorLightMatchTime":0,"PepExecTilingTime":0,"PepExecIsomorphismTime":26},{"PeptideID":"305","PepExecIsomorStrictMatchTime":8,"PepNumAtoms":32,"PepExecutionCompleteTime":8,"PeptideName":"AM-toxin I","PepExecIsomorLightMatchTime":0,"PepExecTilingTime":0,"PepExecIsomorphismTime":8},{"PeptideID":"683","PepExecIsomorStrictMatchTime":25,"PepNumAtoms":100,"PepExecutionCompleteTime":25,"PeptideName":"A51568","PepExecIsomorLightMatchTime":0,"PepExecTilingTime":0,"PepExecIsomorphismTime":25},{"PeptideID":"626","PepExecIsomorStrictMatchTime":8,"PepNumAtoms":38,"PepExecutionCompleteTime":8,"PeptideName":"cyclochlorotine","PepExecIsomorLightMatchTime":0,"PepExecTilingTime":0,"PepExecIsomorphismTime":8},{"PeptideID":"233","PepExecIsomorStrictMatchTime":16,"PepNumAtoms":91,"PepExecutionCompleteTime":16,"PeptideName":"actinomycin VI","PepExecIsomorLightMatchTime":0,"PepExecTilingTime":0,"PepExecIsomorphismTime":16},{"PeptideID":"1","PepExecIsomorStrictMatchTime":21,"PepNumAtoms":115,"PepExecutionCompleteTime":22,"PeptideName":"daptomycin","PepExecIsomorLightMatchTime":0,"PepExecTilingTime":1,"PepExecIsomorphismTime":21},{"PeptideID":"640","PepExecIsomorStrictMatchTime":8,"PepNumAtoms":38,"PepExecutionCompleteTime":8,"PeptideName":"capreomycin IIA","PepExecIsomorLightMatchTime":0,"PepExecTilingTime":0,"PepExecIsomorphismTime":8},{"PeptideID":"658","PepExecIsomorStrictMatchTime":16,"PepNumAtoms":78,"PepExecutionCompleteTime":16,"PeptideName":"valinomycin","PepExecIsomorLightMatchTime":0,"PepExecTilingTime":0,"PepExecIsomorphismTime":16},{"PeptideID":"112","PepExecIsomorStrictMatchTime":13,"PepNumAtoms":68,"PepExecutionCompleteTime":13,"PeptideName":"microcystin AR","PepExecIsomorLightMatchTime":0,"PepExecTilingTime":0,"PepExecIsomorphismTime":13},{"PeptideID":"641","PepExecIsomorStrictMatchTime":7,"PepNumAtoms":37,"PepExecutionCompleteTime":7,"PeptideName":"capreomycin IIB","PepExecIsomorLightMatchTime":0,"PepExecTilingTime":0,"PepExecIsomorphismTime":7},{"PeptideID":"527","PepExecIsomorStrictMatchTime":12,"PepNumAtoms":52,"PepExecutionCompleteTime":12,"PeptideName":"phakellistatin 5","PepExecIsomorLightMatchTime":0,"PepExecTilingTime":0,"PepExecIsomorphismTime":12},{"PeptideID":"523","PepExecIsomorStrictMatchTime":14,"PepNumAtoms":60,"PepExecutionCompleteTime":14,"PeptideName":"phakellistatin 1","PepExecIsomorLightMatchTime":0,"PepExecTilingTime":0,"PepExecIsomorphismTime":14},{"PeptideID":"415","PepExecIsomorStrictMatchTime":16,"PepNumAtoms":69,"PepExecutionCompleteTime":16,"PeptideName":"cyclonellin","PepExecIsomorLightMatchTime":0,"PepExecTilingTime":0,"PepExecIsomorphismTime":16},{"PeptideID":"524","PepExecIsomorStrictMatchTime":15,"PepNumAtoms":60,"PepExecutionCompleteTime":15,"PeptideName":"phakellistatin 2","PepExecIsomorLightMatchTime":0,"PepExecTilingTime":0,"PepExecIsomorphismTime":15},{"PeptideID":"935","PepExecIsomorStrictMatchTime":39,"PepNumAtoms":137,"PepExecutionCompleteTime":40,"PeptideName":"helvecardin A","PepExecIsomorLightMatchTime":0,"PepExecTilingTime":1,"PepExecIsomorphismTime":39},{"PeptideID":"404","PepExecIsomorStrictMatchTime":13,"PepNumAtoms":52,"PepExecutionCompleteTime":13,"PeptideName":"serrawettin W2","PepExecIsomorLightMatchTime":0,"PepExecTilingTime":0,"PepExecIsomorphismTime":13},{"PeptideID":"936","PepExecIsomorStrictMatchTime":32,"PepNumAtoms":126,"PepExecutionCompleteTime":32,"PeptideName":"helvecardin B","PepExecIsomorLightMatchTime":0,"PepExecTilingTime":0,"PepExecIsomorphismTime":32},{"PeptideID":"405","PepExecIsomorStrictMatchTime":12,"PepNumAtoms":36,"PepExecutionCompleteTime":12,"PeptideName":"serrawettin W1","PepExecIsomorLightMatchTime":0,"PepExecTilingTime":0,"PepExecIsomorphismTime":12},{"PeptideID":"669","PepExecIsomorStrictMatchTime":124,"PepNumAtoms":352,"PepExecutionCompleteTime":125,"PeptideName":"polytheonamide B","PepExecIsomorLightMatchTime":0,"PepExecTilingTime":1,"PepExecIsomorphismTime":124},{"PeptideID":"326","PepExecIsomorStrictMatchTime":9,"PepNumAtoms":35,"PepExecutionCompleteTime":9,"PeptideName":"beauverolide I","PepExecIsomorLightMatchTime":0,"PepExecTilingTime":0,"PepExecIsomorphismTime":9},{"PeptideID":"755","PepExecIsomorStrictMatchTime":9,"PepNumAtoms":49,"PepExecutionCompleteTime":9,"PeptideName":"cyclocinamide B","PepExecIsomorLightMatchTime":0,"PepExecTilingTime":0,"PepExecIsomorphismTime":9},{"PeptideID":"319","PepExecIsomorStrictMatchTime":8,"PepNumAtoms":35,"PepExecutionCompleteTime":8,"PeptideName":"beauverolide H","PepExecIsomorLightMatchTime":0,"PepExecTilingTime":0,"PepExecIsomorphismTime":8},{"PeptideID":"107","PepExecIsomorStrictMatchTime":16,"PepNumAtoms":74,"PepExecutionCompleteTime":16,"PeptideName":"microcystin RR","PepExecIsomorLightMatchTime":0,"PepExecTilingTime":0,"PepExecIsomorphismTime":16},{"PeptideID":"862","PepExecIsomorStrictMatchTime":25,"PepNumAtoms":85,"PepExecutionCompleteTime":25,"PeptideName":"pseudomycin C","PepExecIsomorLightMatchTime":0,"PepExecTilingTime":0,"PepExecIsomorphismTime":25},{"PeptideID":"249","PepExecIsomorStrictMatchTime":18,"PepNumAtoms":82,"PepExecutionCompleteTime":18,"PeptideName":"gramicidin S","PepExecIsomorLightMatchTime":0,"PepExecTilingTime":0,"PepExecIsomorphismTime":18},{"PeptideID":"137","PepExecIsomorStrictMatchTime":20,"PepNumAtoms":73,"PepExecutionCompleteTime":20,"PeptideName":"[D-Asp3.ADMAdda5]microcystin-LHar","PepExecIsomorLightMatchTime":0,"PepExecTilingTime":0,"PepExecIsomorphismTime":20},{"PeptideID":"861","PepExecIsomorStrictMatchTime":23,"PepNumAtoms":83,"PepExecutionCompleteTime":23,"PeptideName":"pseudomycin B","PepExecIsomorLightMatchTime":0,"PepExecTilingTime":0,"PepExecIsomorphismTime":23},{"PeptideID":"242","PepExecIsomorStrictMatchTime":19,"PepNumAtoms":92,"PepExecutionCompleteTime":19,"PeptideName":"actinomycin pip2","PepExecIsomorLightMatchTime":0,"PepExecTilingTime":0,"PepExecIsomorphismTime":19},{"PeptideID":"418","PepExecIsomorStrictMatchTime":15,"PepNumAtoms":73,"PepExecutionCompleteTime":15,"PeptideName":"callipeltin B","PepExecIsomorLightMatchTime":0,"PepExecTilingTime":0,"PepExecIsomorphismTime":15},{"PeptideID":"668","PepExecIsomorStrictMatchTime":11,"PepNumAtoms":55,"PepExecutionCompleteTime":136,"PeptideName":"edeine F","PepExecIsomorLightMatchTime":102,"PepExecTilingTime":23,"PepExecIsomorphismTime":113},{"PeptideID":"668","PepExecIsomorStrictMatchTime":11,"PepNumAtoms":55,"PepExecutionCompleteTime":160,"PeptideName":"edeine F","PepExecIsomorLightMatchTime":120,"PepExecTilingTime":29,"PepExecIsomorphismTime":131},{"PeptideID":"668","PepExecIsomorStrictMatchTime":11,"PepNumAtoms":55,"PepExecutionCompleteTime":64,"PeptideName":"edeine F","PepExecIsomorLightMatchTime":37,"PepExecTilingTime":16,"PepExecIsomorphismTime":48},{"PeptideID":"668","PepExecIsomorStrictMatchTime":11,"PepNumAtoms":55,"PepExecutionCompleteTime":83,"PeptideName":"edeine F","PepExecIsomorLightMatchTime":31,"PepExecTilingTime":41,"PepExecIsomorphismTime":42},{"PeptideID":"604","PepExecIsomorStrictMatchTime":8,"PepNumAtoms":38,"PepExecutionCompleteTime":8,"PeptideName":"geodiamolide B","PepExecIsomorLightMatchTime":0,"PepExecTilingTime":0,"PepExecIsomorphismTime":8},{"PeptideID":"93","PepExecIsomorStrictMatchTime":12,"PepNumAtoms":47,"PepExecutionCompleteTime":67,"PeptideName":"enniatin A1","PepExecIsomorLightMatchTime":51,"PepExecTilingTime":4,"PepExecIsomorphismTime":63},{"PeptideID":"93","PepExecIsomorStrictMatchTime":12,"PepNumAtoms":47,"PepExecutionCompleteTime":36,"PeptideName":"enniatin A1","PepExecIsomorLightMatchTime":20,"PepExecTilingTime":4,"PepExecIsomorphismTime":32},{"PeptideID":"93","PepExecIsomorStrictMatchTime":12,"PepNumAtoms":47,"PepExecutionCompleteTime":34,"PeptideName":"enniatin A1","PepExecIsomorLightMatchTime":18,"PepExecTilingTime":4,"PepExecIsomorphismTime":30},{"PeptideID":"93","PepExecIsomorStrictMatchTime":12,"PepNumAtoms":47,"PepExecutionCompleteTime":26,"PeptideName":"enniatin A1","PepExecIsomorLightMatchTime":10,"PepExecTilingTime":4,"PepExecIsomorphismTime":22},{"PeptideID":"93","PepExecIsomorStrictMatchTime":12,"PepNumAtoms":47,"PepExecutionCompleteTime":34,"PeptideName":"enniatin A1","PepExecIsomorLightMatchTime":18,"PepExecTilingTime":4,"PepExecIsomorphismTime":30},{"PeptideID":"93","PepExecIsomorStrictMatchTime":12,"PepNumAtoms":47,"PepExecutionCompleteTime":27,"PeptideName":"enniatin A1","PepExecIsomorLightMatchTime":11,"PepExecTilingTime":4,"PepExecIsomorphismTime":23},{"PeptideID":"603","PepExecIsomorStrictMatchTime":9,"PepNumAtoms":38,"PepExecutionCompleteTime":9,"PeptideName":"geodiamolide A","PepExecIsomorLightMatchTime":0,"PepExecTilingTime":0,"PepExecIsomorphismTime":9},{"PeptideID":"606","PepExecIsomorStrictMatchTime":9,"PepNumAtoms":37,"PepExecutionCompleteTime":9,"PeptideName":"geodiamolide D","PepExecIsomorLightMatchTime":0,"PepExecTilingTime":0,"PepExecIsomorphismTime":9},{"PeptideID":"307","PepExecIsomorStrictMatchTime":8,"PepNumAtoms":31,"PepExecutionCompleteTime":8,"PeptideName":"AM-toxin III","PepExecIsomorLightMatchTime":0,"PepExecTilingTime":0,"PepExecIsomorphismTime":8},{"PeptideID":"703","PepExecIsomorStrictMatchTime":27,"PepNumAtoms":109,"PepExecutionCompleteTime":27,"PeptideName":"orienticin B","PepExecIsomorLightMatchTime":0,"PepExecTilingTime":0,"PepExecIsomorphismTime":27},{"PeptideID":"702","PepExecIsomorStrictMatchTime":28,"PepNumAtoms":110,"PepExecutionCompleteTime":28,"PeptideName":"orienticin A","PepExecIsomorLightMatchTime":0,"PepExecTilingTime":0,"PepExecIsomorphismTime":28},{"PeptideID":"104","PepExecIsomorStrictMatchTime":18,"PepNumAtoms":48,"PepExecutionCompleteTime":1947,"PeptideName":"enniatin F","PepExecIsomorLightMatchTime":1911,"PepExecTilingTime":18,"PepExecIsomorphismTime":1929},{"PeptideID":"105","PepExecIsomorStrictMatchTime":9,"PepNumAtoms":47,"PepExecutionCompleteTime":10,"PeptideName":"enniatin G","PepExecIsomorLightMatchTime":0,"PepExecTilingTime":1,"PepExecIsomorphismTime":9},{"PeptideID":"705","PepExecIsomorStrictMatchTime":28,"PepNumAtoms":111,"PepExecutionCompleteTime":28,"PeptideName":"orienticin D","PepExecIsomorLightMatchTime":0,"PepExecTilingTime":0,"PepExecIsomorphismTime":28},{"PeptideID":"496","PepExecIsomorStrictMatchTime":21,"PepNumAtoms":104,"PepExecutionCompleteTime":52,"PeptideName":"halicylindramide E","PepExecIsomorLightMatchTime":31,"PepExecTilingTime":0,"PepExecIsomorphismTime":52},{"PeptideID":"99","PepExecIsomorStrictMatchTime":10,"PepNumAtoms":47,"PepExecutionCompleteTime":11,"PeptideName":"enniatin I","PepExecIsomorLightMatchTime":0,"PepExecTilingTime":1,"PepExecIsomorphismTime":10},{"PeptideID":"1094","PepExecIsomorStrictMatchTime":74,"PepNumAtoms":121,"PepExecutionCompleteTime":74,"PeptideName":"trichotoxin A-40","PepExecIsomorLightMatchTime":0,"PepExecTilingTime":0,"PepExecIsomorphismTime":74},{"PeptideID":"359","PepExecIsomorStrictMatchTime":20,"PepNumAtoms":84,"PepExecutionCompleteTime":20,"PeptideName":"pseudomycin A","PepExecIsomorLightMatchTime":0,"PepExecTilingTime":0,"PepExecIsomorphismTime":20},{"PeptideID":"494","PepExecIsomorStrictMatchTime":23,"PepNumAtoms":123,"PepExecutionCompleteTime":146,"PeptideName":"halicylindramide C","PepExecIsomorLightMatchTime":71,"PepExecTilingTime":52,"PepExecIsomorphismTime":94},{"PeptideID":"494","PepExecIsomorStrictMatchTime":23,"PepNumAtoms":123,"PepExecutionCompleteTime":52,"PeptideName":"halicylindramide C","PepExecIsomorLightMatchTime":27,"PepExecTilingTime":2,"PepExecIsomorphismTime":50},{"PeptideID":"492","PepExecIsomorStrictMatchTime":1493,"PepNumAtoms":122,"PepExecutionCompleteTime":1595,"PeptideName":"halicylindramide A","PepExecIsomorLightMatchTime":52,"PepExecTilingTime":50,"PepExecIsomorphismTime":1545},{"PeptideID":"492","PepExecIsomorStrictMatchTime":1493,"PepNumAtoms":122,"PepExecutionCompleteTime":1519,"PeptideName":"halicylindramide A","PepExecIsomorLightMatchTime":24,"PepExecTilingTime":2,"PepExecIsomorphismTime":1517},{"PeptideID":"865","PepExecIsomorStrictMatchTime":23,"PepNumAtoms":87,"PepExecutionCompleteTime":23,"PeptideName":"syringomycin G","PepExecIsomorLightMatchTime":0,"PepExecTilingTime":0,"PepExecIsomorphismTime":23},{"PeptideID":"493","PepExecIsomorStrictMatchTime":23,"PepNumAtoms":122,"PepExecutionCompleteTime":234,"PeptideName":"halicylindramide B","PepExecIsomorLightMatchTime":53,"PepExecTilingTime":158,"PepExecIsomorphismTime":76},{"PeptideID":"493","PepExecIsomorStrictMatchTime":23,"PepNumAtoms":122,"PepExecutionCompleteTime":51,"PeptideName":"halicylindramide B","PepExecIsomorLightMatchTime":24,"PepExecTilingTime":4,"PepExecIsomorphismTime":47},{"PeptideID":"602","PepExecIsomorStrictMatchTime":10,"PepNumAtoms":45,"PepExecutionCompleteTime":10,"PeptideName":"geodiamolide I","PepExecIsomorLightMatchTime":0,"PepExecTilingTime":0,"PepExecIsomorphismTime":10},{"PeptideID":"607","PepExecIsomorStrictMatchTime":8,"PepNumAtoms":37,"PepExecutionCompleteTime":8,"PeptideName":"geodiamolide E","PepExecIsomorLightMatchTime":0,"PepExecTilingTime":0,"PepExecIsomorphismTime":8},{"PeptideID":"601","PepExecIsomorStrictMatchTime":11,"PepNumAtoms":45,"PepExecutionCompleteTime":11,"PeptideName":"geodiamolide H","PepExecIsomorLightMatchTime":0,"PepExecTilingTime":0,"PepExecIsomorphismTime":11},{"PeptideID":"618","PepExecIsomorStrictMatchTime":9,"PepNumAtoms":39,"PepExecutionCompleteTime":9,"PeptideName":"geodiamolide G","PepExecIsomorLightMatchTime":0,"PepExecTilingTime":0,"PepExecIsomorphismTime":9},{"PeptideID":"1159","PepExecIsomorStrictMatchTime":11,"PepNumAtoms":60,"PepExecutionCompleteTime":12,"PeptideName":"largamide A","PepExecIsomorLightMatchTime":0,"PepExecTilingTime":1,"PepExecIsomorphismTime":11},{"PeptideID":"487","PepExecIsomorStrictMatchTime":8,"PepNumAtoms":30,"PepExecutionCompleteTime":8,"PeptideName":"leupeptin","PepExecIsomorLightMatchTime":0,"PepExecTilingTime":0,"PepExecIsomorphismTime":8},{"PeptideID":"624","PepExecIsomorStrictMatchTime":8,"PepNumAtoms":30,"PepExecutionCompleteTime":8,"PeptideName":"tentoxin","PepExecIsomorLightMatchTime":0,"PepExecTilingTime":0,"PepExecIsomorphismTime":8},{"PeptideID":"160","PepExecIsomorStrictMatchTime":12,"PepNumAtoms":70,"PepExecutionCompleteTime":144,"PeptideName":"pseudobactin","PepExecIsomorLightMatchTime":124,"PepExecTilingTime":8,"PepExecIsomorphismTime":136},{"PeptideID":"160","PepExecIsomorStrictMatchTime":12,"PepNumAtoms":70,"PepExecutionCompleteTime":25,"PeptideName":"pseudobactin","PepExecIsomorLightMatchTime":7,"PepExecTilingTime":6,"PepExecIsomorphismTime":19},{"PeptideID":"160","PepExecIsomorStrictMatchTime":12,"PepNumAtoms":70,"PepExecutionCompleteTime":22,"PeptideName":"pseudobactin","PepExecIsomorLightMatchTime":4,"PepExecTilingTime":6,"PepExecIsomorphismTime":16},{"PeptideID":"160","PepExecIsomorStrictMatchTime":12,"PepNumAtoms":70,"PepExecutionCompleteTime":24,"PeptideName":"pseudobactin","PepExecIsomorLightMatchTime":5,"PepExecTilingTime":7,"PepExecIsomorphismTime":17},{"PeptideID":"934","PepExecIsomorStrictMatchTime":43,"PepNumAtoms":147,"PepExecutionCompleteTime":43,"PeptideName":"galacardin B","PepExecIsomorLightMatchTime":0,"PepExecTilingTime":0,"PepExecIsomorphismTime":43},{"PeptideID":"1023","PepExecIsomorStrictMatchTime":29,"PepNumAtoms":135,"PepExecutionCompleteTime":29,"PeptideName":"paracelsin A","PepExecIsomorLightMatchTime":0,"PepExecTilingTime":0,"PepExecIsomorphismTime":29},{"PeptideID":"933","PepExecIsomorStrictMatchTime":50,"PepNumAtoms":158,"PepExecutionCompleteTime":50,"PeptideName":"galacardin A","PepExecIsomorLightMatchTime":0,"PepExecTilingTime":0,"PepExecIsomorphismTime":50},{"PeptideID":"94","PepExecIsomorStrictMatchTime":9,"PepNumAtoms":45,"PepExecutionCompleteTime":9,"PeptideName":"enniatin B","PepExecIsomorLightMatchTime":0,"PepExecTilingTime":0,"PepExecIsomorphismTime":9},{"PeptideID":"100","PepExecIsomorStrictMatchTime":11,"PepNumAtoms":48,"PepExecutionCompleteTime":11,"PeptideName":"enniatin C","PepExecIsomorLightMatchTime":0,"PepExecTilingTime":0,"PepExecIsomorphismTime":11},{"PeptideID":"333","PepExecIsomorStrictMatchTime":43,"PepNumAtoms":80,"PepExecutionCompleteTime":43,"PeptideName":"massetolide A","PepExecIsomorLightMatchTime":0,"PepExecTilingTime":0,"PepExecIsomorphismTime":43},{"PeptideID":"946","PepExecIsomorStrictMatchTime":26,"PepNumAtoms":118,"PepExecutionCompleteTime":27,"PeptideName":"antiamoebin II","PepExecIsomorLightMatchTime":0,"PepExecTilingTime":1,"PepExecIsomorphismTime":26},{"PeptideID":"903","PepExecIsomorStrictMatchTime":13,"PepNumAtoms":70,"PepExecutionCompleteTime":172,"PeptideName":"pseudobactin A","PepExecIsomorLightMatchTime":150,"PepExecTilingTime":9,"PepExecIsomorphismTime":163},{"PeptideID":"903","PepExecIsomorStrictMatchTime":13,"PepNumAtoms":70,"PepExecutionCompleteTime":60,"PeptideName":"pseudobactin A","PepExecIsomorLightMatchTime":38,"PepExecTilingTime":9,"PepExecIsomorphismTime":51},{"PeptideID":"903","PepExecIsomorStrictMatchTime":13,"PepNumAtoms":70,"PepExecutionCompleteTime":35,"PeptideName":"pseudobactin A","PepExecIsomorLightMatchTime":14,"PepExecTilingTime":8,"PepExecIsomorphismTime":27},{"PeptideID":"903","PepExecIsomorStrictMatchTime":13,"PepNumAtoms":70,"PepExecutionCompleteTime":36,"PeptideName":"pseudobactin A","PepExecIsomorLightMatchTime":15,"PepExecTilingTime":8,"PepExecIsomorphismTime":28},{"PeptideID":"230","PepExecIsomorStrictMatchTime":13,"PepNumAtoms":86,"PepExecutionCompleteTime":66,"PeptideName":"actinomycin II","PepExecIsomorLightMatchTime":43,"PepExecTilingTime":10,"PepExecIsomorphismTime":56},{"PeptideID":"230","PepExecIsomorStrictMatchTime":13,"PepNumAtoms":86,"PepExecutionCompleteTime":36,"PeptideName":"actinomycin II","PepExecIsomorLightMatchTime":15,"PepExecTilingTime":8,"PepExecIsomorphismTime":28},{"PeptideID":"230","PepExecIsomorStrictMatchTime":13,"PepNumAtoms":86,"PepExecutionCompleteTime":39,"PeptideName":"actinomycin II","PepExecIsomorLightMatchTime":17,"PepExecTilingTime":9,"PepExecIsomorphismTime":30},{"PeptideID":"231","PepExecIsomorStrictMatchTime":16,"PepNumAtoms":88,"PepExecutionCompleteTime":64,"PeptideName":"actinomycin III","PepExecIsomorLightMatchTime":39,"PepExecTilingTime":9,"PepExecIsomorphismTime":55},{"PeptideID":"231","PepExecIsomorStrictMatchTime":16,"PepNumAtoms":88,"PepExecutionCompleteTime":43,"PeptideName":"actinomycin III","PepExecIsomorLightMatchTime":17,"PepExecTilingTime":10,"PepExecIsomorphismTime":33},{"PeptideID":"231","PepExecIsomorStrictMatchTime":16,"PepNumAtoms":88,"PepExecutionCompleteTime":41,"PeptideName":"actinomycin III","PepExecIsomorLightMatchTime":16,"PepExecTilingTime":9,"PepExecIsomorphismTime":32},{"PeptideID":"630","PepExecIsomorStrictMatchTime":8,"PepNumAtoms":35,"PepExecutionCompleteTime":97,"PeptideName":"malformin C","PepExecIsomorLightMatchTime":63,"PepExecTilingTime":26,"PepExecIsomorphismTime":71},{"PeptideID":"760","PepExecIsomorStrictMatchTime":11,"PepNumAtoms":40,"PepExecutionCompleteTime":11,"PeptideName":"desmethylDestruxin B","PepExecIsomorLightMatchTime":0,"PepExecTilingTime":0,"PepExecIsomorphismTime":11},{"PeptideID":"73","PepExecIsomorStrictMatchTime":9,"PepNumAtoms":39,"PepExecutionCompleteTime":32,"PeptideName":"desmethylDestruxin A","PepExecIsomorLightMatchTime":22,"PepExecTilingTime":1,"PepExecIsomorphismTime":31},{"PeptideID":"73","PepExecIsomorStrictMatchTime":9,"PepNumAtoms":39,"PepExecutionCompleteTime":15,"PeptideName":"desmethylDestruxin A","PepExecIsomorLightMatchTime":6,"PepExecTilingTime":0,"PepExecIsomorphismTime":15},{"PeptideID":"39","PepExecIsomorStrictMatchTime":17,"PepNumAtoms":86,"PepExecutionCompleteTime":17,"PeptideName":"cyclosporin G","PepExecIsomorLightMatchTime":0,"PepExecTilingTime":0,"PepExecIsomorphismTime":17},{"PeptideID":"209","PepExecIsomorStrictMatchTime":6,"PepNumAtoms":19,"PepExecutionCompleteTime":6,"PeptideName":"bacilysin","PepExecIsomorLightMatchTime":0,"PepExecTilingTime":0,"PepExecIsomorphismTime":6},{"PeptideID":"40","PepExecIsomorStrictMatchTime":18,"PepNumAtoms":85,"PepExecutionCompleteTime":18,"PeptideName":"cyclosporin H","PepExecIsomorLightMatchTime":0,"PepExecTilingTime":0,"PepExecIsomorphismTime":18},{"PeptideID":"37","PepExecIsomorStrictMatchTime":20,"PepNumAtoms":84,"PepExecutionCompleteTime":20,"PeptideName":"cyclosporin E","PepExecIsomorLightMatchTime":0,"PepExecTilingTime":0,"PepExecIsomorphismTime":20},{"PeptideID":"551","PepExecIsomorStrictMatchTime":15,"PepNumAtoms":71,"PepExecutionCompleteTime":256,"PeptideName":"microsclerodermin A","PepExecIsomorLightMatchTime":221,"PepExecTilingTime":20,"PepExecIsomorphismTime":236},{"PeptideID":"38","PepExecIsomorStrictMatchTime":17,"PepNumAtoms":84,"PepExecutionCompleteTime":17,"PeptideName":"cyclosporin F","PepExecIsomorLightMatchTime":0,"PepExecTilingTime":0,"PepExecIsomorphismTime":17},{"PeptideID":"552","PepExecIsomorStrictMatchTime":14,"PepNumAtoms":70,"PepExecutionCompleteTime":207,"PeptideName":"microsclerodermin B","PepExecIsomorLightMatchTime":168,"PepExecTilingTime":25,"PepExecIsomorphismTime":182},{"PeptideID":"35","PepExecIsomorStrictMatchTime":19,"PepNumAtoms":86,"PepExecutionCompleteTime":19,"PeptideName":"cyclosporin C","PepExecIsomorLightMatchTime":0,"PepExecTilingTime":0,"PepExecIsomorphismTime":19},{"PeptideID":"1128","PepExecIsomorStrictMatchTime":13,"PepNumAtoms":81,"PepExecutionCompleteTime":55,"PeptideName":"quinomycin C","PepExecIsomorLightMatchTime":41,"PepExecTilingTime":1,"PepExecIsomorphismTime":54},{"PeptideID":"36","PepExecIsomorStrictMatchTime":19,"PepNumAtoms":86,"PepExecutionCompleteTime":19,"PeptideName":"cyclosporin D","PepExecIsomorLightMatchTime":0,"PepExecTilingTime":0,"PepExecIsomorphismTime":19},{"PeptideID":"1127","PepExecIsomorStrictMatchTime":12,"PepNumAtoms":79,"PepExecutionCompleteTime":57,"PeptideName":"quinomycin B","PepExecIsomorLightMatchTime":44,"PepExecTilingTime":1,"PepExecIsomorphismTime":56},{"PeptideID":"33","PepExecIsomorStrictMatchTime":19,"PepNumAtoms":85,"PepExecutionCompleteTime":19,"PeptideName":"cyclosporin A","PepExecIsomorLightMatchTime":0,"PepExecTilingTime":0,"PepExecIsomorphismTime":19},{"PeptideID":"34","PepExecIsomorStrictMatchTime":17,"PepNumAtoms":84,"PepExecutionCompleteTime":17,"PeptideName":"cyclosporin B","PepExecIsomorLightMatchTime":0,"PepExecTilingTime":0,"PepExecIsomorphismTime":17},{"PeptideID":"358","PepExecIsomorStrictMatchTime":19,"PepNumAtoms":78,"PepExecutionCompleteTime":19,"PeptideName":"syringotoxin B","PepExecIsomorLightMatchTime":0,"PepExecTilingTime":0,"PepExecIsomorphismTime":19},{"PeptideID":"1062","PepExecIsomorStrictMatchTime":17,"PepNumAtoms":81,"PepExecutionCompleteTime":17,"PeptideName":"polymyxin M","PepExecIsomorLightMatchTime":0,"PepExecTilingTime":0,"PepExecIsomorphismTime":17},{"PeptideID":"371","PepExecIsomorStrictMatchTime":14,"PepNumAtoms":70,"PepExecutionCompleteTime":14,"PeptideName":"dolastatin 11","PepExecIsomorLightMatchTime":0,"PepExecTilingTime":0,"PepExecIsomorphismTime":14},{"PeptideID":"369","PepExecIsomorStrictMatchTime":17,"PepNumAtoms":55,"PepExecutionCompleteTime":69,"PeptideName":"dolastatin 10","PepExecIsomorLightMatchTime":51,"PepExecTilingTime":1,"PepExecIsomorphismTime":68},{"PeptideID":"369","PepExecIsomorStrictMatchTime":17,"PepNumAtoms":55,"PepExecutionCompleteTime":143,"PeptideName":"dolastatin 10","PepExecIsomorLightMatchTime":124,"PepExecTilingTime":2,"PepExecIsomorphismTime":141},{"PeptideID":"369","PepExecIsomorStrictMatchTime":17,"PepNumAtoms":55,"PepExecutionCompleteTime":87,"PeptideName":"dolastatin 10","PepExecIsomorLightMatchTime":64,"PepExecTilingTime":6,"PepExecIsomorphismTime":81},{"PeptideID":"369","PepExecIsomorStrictMatchTime":17,"PepNumAtoms":55,"PepExecutionCompleteTime":125,"PeptideName":"dolastatin 10","PepExecIsomorLightMatchTime":99,"PepExecTilingTime":9,"PepExecIsomorphismTime":116},{"PeptideID":"370","PepExecIsomorStrictMatchTime":12,"PepNumAtoms":60,"PepExecutionCompleteTime":12,"PeptideName":"dolastatin 15","PepExecIsomorLightMatchTime":0,"PepExecTilingTime":0,"PepExecIsomorphismTime":12},{"PeptideID":"638","PepExecIsomorStrictMatchTime":10,"PepNumAtoms":47,"PepExecutionCompleteTime":10,"PeptideName":"capreomycin IA","PepExecIsomorLightMatchTime":0,"PepExecTilingTime":0,"PepExecIsomorphismTime":10},{"PeptideID":"343","PepExecIsomorStrictMatchTime":21,"PepNumAtoms":95,"PepExecutionCompleteTime":21,"PeptideName":"arthrofactin","PepExecIsomorLightMatchTime":0,"PepExecTilingTime":0,"PepExecIsomorphismTime":21},{"PeptideID":"372","PepExecIsomorStrictMatchTime":14,"PepNumAtoms":69,"PepExecutionCompleteTime":15,"PeptideName":"dolastatin 12","PepExecIsomorLightMatchTime":0,"PepExecTilingTime":1,"PepExecIsomorphismTime":14},{"PeptideID":"639","PepExecIsomorStrictMatchTime":11,"PepNumAtoms":46,"PepExecutionCompleteTime":11,"PeptideName":"capreomycin IB","PepExecIsomorLightMatchTime":0,"PepExecTilingTime":0,"PepExecIsomorphismTime":11},{"PeptideID":"428","PepExecIsomorStrictMatchTime":15,"PepNumAtoms":59,"PepExecutionCompleteTime":15,"PeptideName":"aurilide B","PepExecIsomorLightMatchTime":0,"PepExecTilingTime":0,"PepExecIsomorphismTime":15},{"PeptideID":"617","PepExecIsomorStrictMatchTime":9,"PepNumAtoms":39,"PepExecutionCompleteTime":9,"PeptideName":"neosiphoniamolide A","PepExecIsomorLightMatchTime":0,"PepExecTilingTime":0,"PepExecIsomorphismTime":9},{"PeptideID":"544","PepExecIsomorStrictMatchTime":14,"PepNumAtoms":65,"PepExecutionCompleteTime":15,"PeptideName":"hymenamide H","PepExecIsomorLightMatchTime":0,"PepExecTilingTime":1,"PepExecIsomorphismTime":14},{"PeptideID":"429","PepExecIsomorStrictMatchTime":10,"PepNumAtoms":58,"PepExecutionCompleteTime":10,"PeptideName":"aurilide C","PepExecIsomorLightMatchTime":0,"PepExecTilingTime":0,"PepExecIsomorphismTime":10},{"PeptideID":"545","PepExecIsomorStrictMatchTime":16,"PepNumAtoms":80,"PepExecutionCompleteTime":16,"PeptideName":"hymenamide J","PepExecIsomorLightMatchTime":0,"PepExecTilingTime":0,"PepExecIsomorphismTime":16},{"PeptideID":"211","PepExecIsomorStrictMatchTime":21,"PepNumAtoms":73,"PepExecutionCompleteTime":21,"PeptideName":"surfactin aC15","PepExecIsomorLightMatchTime":0,"PepExecTilingTime":0,"PepExecIsomorphismTime":21},{"PeptideID":"648","PepExecIsomorStrictMatchTime":13,"PepNumAtoms":45,"PepExecutionCompleteTime":13,"PeptideName":"isariin","PepExecIsomorLightMatchTime":0,"PepExecTilingTime":0,"PepExecIsomorphismTime":13},{"PeptideID":"1093","PepExecIsomorStrictMatchTime":31,"PepNumAtoms":125,"PepExecutionCompleteTime":31,"PeptideName":"Leu1-zervamicin","PepExecIsomorLightMatchTime":0,"PepExecTilingTime":0,"PepExecIsomorphismTime":31},{"PeptideID":"427","PepExecIsomorStrictMatchTime":28,"PepNumAtoms":59,"PepExecutionCompleteTime":28,"PeptideName":"aurilide","PepExecIsomorLightMatchTime":0,"PepExecTilingTime":0,"PepExecIsomorphismTime":28},{"PeptideID":"258","PepExecIsomorStrictMatchTime":16,"PepNumAtoms":68,"PepExecutionCompleteTime":17,"PeptideName":"anabaenopeptilide 90B","PepExecIsomorLightMatchTime":0,"PepExecTilingTime":1,"PepExecIsomorphismTime":16},{"PeptideID":"257","PepExecIsomorStrictMatchTime":17,"PepNumAtoms":68,"PepExecutionCompleteTime":18,"PeptideName":"anabaenopeptilide 90A","PepExecIsomorLightMatchTime":0,"PepExecTilingTime":1,"PepExecIsomorphismTime":17},{"PeptideID":"231","PepExecIsomorStrictMatchTime":15,"PepNumAtoms":88,"PepExecutionCompleteTime":15,"PeptideName":"actinomycin III","PepExecIsomorLightMatchTime":0,"PepExecTilingTime":0,"PepExecIsomorphismTime":15},{"PeptideID":"1067","PepExecIsomorStrictMatchTime":37,"PepNumAtoms":86,"PepExecutionCompleteTime":37,"PeptideName":"polymyxin B6","PepExecIsomorLightMatchTime":0,"PepExecTilingTime":0,"PepExecIsomorphismTime":37},{"PeptideID":"1066","PepExecIsomorStrictMatchTime":20,"PepNumAtoms":85,"PepExecutionCompleteTime":20,"PeptideName":"polymyxin B5","PepExecIsomorLightMatchTime":0,"PepExecTilingTime":0,"PepExecIsomorphismTime":20},{"PeptideID":"1065","PepExecIsomorStrictMatchTime":19,"PepNumAtoms":83,"PepExecutionCompleteTime":19,"PeptideName":"polymyxin B4","PepExecIsomorLightMatchTime":0,"PepExecTilingTime":0,"PepExecIsomorphismTime":19},{"PeptideID":"1064","PepExecIsomorStrictMatchTime":19,"PepNumAtoms":84,"PepExecutionCompleteTime":20,"PeptideName":"polymyxin B3","PepExecIsomorLightMatchTime":0,"PepExecTilingTime":1,"PepExecIsomorphismTime":19},{"PeptideID":"637","PepExecIsomorStrictMatchTime":8,"PepNumAtoms":38,"PepExecutionCompleteTime":8,"PeptideName":"tuberactinamine","PepExecIsomorLightMatchTime":0,"PepExecTilingTime":0,"PepExecIsomorphismTime":8},{"PeptideID":"1063","PepExecIsomorStrictMatchTime":18,"PepNumAtoms":84,"PepExecutionCompleteTime":18,"PeptideName":"polymyxin B2","PepExecIsomorLightMatchTime":0,"PepExecTilingTime":0,"PepExecIsomorphismTime":18},{"PeptideID":"1056","PepExecIsomorStrictMatchTime":18,"PepNumAtoms":85,"PepExecutionCompleteTime":18,"PeptideName":"polymyxin B1","PepExecIsomorLightMatchTime":0,"PepExecTilingTime":0,"PepExecIsomorphismTime":18},{"PeptideID":"434","PepExecIsomorStrictMatchTime":8,"PepNumAtoms":43,"PepExecutionCompleteTime":8,"PeptideName":"guineamide A","PepExecIsomorLightMatchTime":0,"PepExecTilingTime":0,"PepExecIsomorphismTime":8},{"PeptideID":"670","PepExecIsomorStrictMatchTime":8,"PepNumAtoms":21,"PepExecutionCompleteTime":8,"PeptideName":"phosphinothricin tripeptide","PepExecIsomorLightMatchTime":0,"PepExecTilingTime":0,"PepExecIsomorphismTime":8},{"PeptideID":"435","PepExecIsomorStrictMatchTime":17,"PepNumAtoms":44,"PepExecutionCompleteTime":17,"PeptideName":"guineamide B","PepExecIsomorLightMatchTime":0,"PepExecTilingTime":0,"PepExecIsomorphismTime":17},{"PeptideID":"210","PepExecIsomorStrictMatchTime":7,"PepNumAtoms":26,"PepExecutionCompleteTime":7,"PeptideName":"chrysobactin","PepExecIsomorLightMatchTime":0,"PepExecTilingTime":0,"PepExecIsomorphismTime":7},{"PeptideID":"436","PepExecIsomorStrictMatchTime":10,"PepNumAtoms":46,"PepExecutionCompleteTime":11,"PeptideName":"guineamide C","PepExecIsomorLightMatchTime":0,"PepExecTilingTime":1,"PepExecIsomorphismTime":10},{"PeptideID":"945","PepExecIsomorStrictMatchTime":29,"PepNumAtoms":119,"PepExecutionCompleteTime":29,"PeptideName":"antiamoebin I","PepExecIsomorLightMatchTime":0,"PepExecTilingTime":0,"PepExecIsomorphismTime":29},{"PeptideID":"396","PepExecIsomorStrictMatchTime":23,"PepNumAtoms":106,"PepExecutionCompleteTime":23,"PeptideName":"kahalalide G","PepExecIsomorLightMatchTime":0,"PepExecTilingTime":0,"PepExecIsomorphismTime":23},{"PeptideID":"1058","PepExecIsomorStrictMatchTime":19,"PepNumAtoms":82,"PepExecutionCompleteTime":19,"PeptideName":"polymyxin E1","PepExecIsomorLightMatchTime":0,"PepExecTilingTime":0,"PepExecIsomorphismTime":19},{"PeptideID":"390","PepExecIsomorStrictMatchTime":25,"PepNumAtoms":105,"PepExecutionCompleteTime":25,"PeptideName":"kahalalide F","PepExecIsomorLightMatchTime":0,"PepExecTilingTime":0,"PepExecIsomorphismTime":25},{"PeptideID":"634","PepExecIsomorStrictMatchTime":8,"PepNumAtoms":49,"PepExecutionCompleteTime":53,"PeptideName":"tuberactinomycin A","PepExecIsomorLightMatchTime":42,"PepExecTilingTime":3,"PepExecIsomorphismTime":50},{"PeptideID":"1129","PepExecIsomorStrictMatchTime":11,"PepNumAtoms":76,"PepExecutionCompleteTime":11,"PeptideName":"triostin A","PepExecIsomorLightMatchTime":0,"PepExecTilingTime":0,"PepExecIsomorphismTime":11},{"PeptideID":"391","PepExecIsomorStrictMatchTime":13,"PepNumAtoms":64,"PepExecutionCompleteTime":13,"PeptideName":"kahalalide A","PepExecIsomorLightMatchTime":0,"PepExecTilingTime":0,"PepExecIsomorphismTime":13},{"PeptideID":"1130","PepExecIsomorStrictMatchTime":43,"PepNumAtoms":80,"PepExecutionCompleteTime":43,"PeptideName":"triostin C","PepExecIsomorLightMatchTime":0,"PepExecTilingTime":0,"PepExecIsomorphismTime":43},{"PeptideID":"74","PepExecIsomorStrictMatchTime":8,"PepNumAtoms":39,"PepExecutionCompleteTime":8,"PeptideName":"desmethylDestruxin B2","PepExecIsomorLightMatchTime":0,"PepExecTilingTime":0,"PepExecIsomorphismTime":8},{"PeptideID":"395","PepExecIsomorStrictMatchTime":14,"PepNumAtoms":60,"PepExecutionCompleteTime":14,"PeptideName":"kahalalide E","PepExecIsomorLightMatchTime":0,"PepExecTilingTime":0,"PepExecIsomorphismTime":14},{"PeptideID":"394","PepExecIsomorStrictMatchTime":11,"PepNumAtoms":43,"PepExecutionCompleteTime":11,"PeptideName":"kahalalide D","PepExecIsomorLightMatchTime":0,"PepExecTilingTime":0,"PepExecIsomorphismTime":11},{"PeptideID":"1068","PepExecIsomorStrictMatchTime":18,"PepNumAtoms":81,"PepExecutionCompleteTime":18,"PeptideName":"polymyxin E2","PepExecIsomorLightMatchTime":0,"PepExecTilingTime":0,"PepExecIsomorphismTime":18},{"PeptideID":"21","PepExecIsomorStrictMatchTime":20,"PepNumAtoms":99,"PepExecutionCompleteTime":51,"PeptideName":"bacitracin B3","PepExecIsomorLightMatchTime":25,"PepExecTilingTime":6,"PepExecIsomorphismTime":45},{"PeptideID":"21","PepExecIsomorStrictMatchTime":20,"PepNumAtoms":99,"PepExecutionCompleteTime":35,"PeptideName":"bacitracin B3","PepExecIsomorLightMatchTime":15,"PepExecTilingTime":0,"PepExecIsomorphismTime":35},{"PeptideID":"21","PepExecIsomorStrictMatchTime":20,"PepNumAtoms":99,"PepExecutionCompleteTime":34,"PeptideName":"bacitracin B3","PepExecIsomorLightMatchTime":14,"PepExecTilingTime":0,"PepExecIsomorphismTime":34},{"PeptideID":"20","PepExecIsomorStrictMatchTime":25,"PepNumAtoms":99,"PepExecutionCompleteTime":65,"PeptideName":"bacitracin B2","PepExecIsomorLightMatchTime":28,"PepExecTilingTime":12,"PepExecIsomorphismTime":53},{"PeptideID":"20","PepExecIsomorStrictMatchTime":25,"PepNumAtoms":99,"PepExecutionCompleteTime":46,"PeptideName":"bacitracin B2","PepExecIsomorLightMatchTime":20,"PepExecTilingTime":1,"PepExecIsomorphismTime":45},{"PeptideID":"20","PepExecIsomorStrictMatchTime":25,"PepNumAtoms":99,"PepExecutionCompleteTime":43,"PeptideName":"bacitracin B2","PepExecIsomorLightMatchTime":17,"PepExecTilingTime":1,"PepExecIsomorphismTime":42},{"PeptideID":"331","PepExecIsomorStrictMatchTime":23,"PepNumAtoms":79,"PepExecutionCompleteTime":23,"PeptideName":"viscosin","PepExecIsomorLightMatchTime":0,"PepExecTilingTime":0,"PepExecIsomorphismTime":23},{"PeptideID":"916","PepExecIsomorStrictMatchTime":25,"PepNumAtoms":99,"PepExecutionCompleteTime":143,"PeptideName":"bacitracin B1","PepExecIsomorLightMatchTime":70,"PepExecTilingTime":48,"PepExecIsomorphismTime":95},{"PeptideID":"916","PepExecIsomorStrictMatchTime":25,"PepNumAtoms":99,"PepExecutionCompleteTime":47,"PeptideName":"bacitracin B1","PepExecIsomorLightMatchTime":20,"PepExecTilingTime":2,"PepExecIsomorphismTime":45},{"PeptideID":"916","PepExecIsomorStrictMatchTime":25,"PepNumAtoms":99,"PepExecutionCompleteTime":47,"PeptideName":"bacitracin B1","PepExecIsomorLightMatchTime":20,"PepExecTilingTime":2,"PepExecIsomorphismTime":45},{"PeptideID":"121","PepExecIsomorStrictMatchTime":14,"PepNumAtoms":71,"PepExecutionCompleteTime":14,"PeptideName":"microcystin LF","PepExecIsomorLightMatchTime":0,"PepExecTilingTime":0,"PepExecIsomorphismTime":14},{"PeptideID":"646","PepExecIsomorStrictMatchTime":13,"PepNumAtoms":46,"PepExecutionCompleteTime":13,"PeptideName":"globomycin","PepExecIsomorLightMatchTime":0,"PepExecTilingTime":0,"PepExecIsomorphismTime":13},{"PeptideID":"7","PepExecIsomorStrictMatchTime":39,"PepNumAtoms":139,"PepExecutionCompleteTime":40,"PeptideName":"alamethicin F50","PepExecIsomorLightMatchTime":0,"PepExecTilingTime":1,"PepExecIsomorphismTime":39},{"PeptideID":"106","PepExecIsomorStrictMatchTime":13,"PepNumAtoms":65,"PepExecutionCompleteTime":13,"PeptideName":"microcystin LA","PepExecIsomorLightMatchTime":0,"PepExecTilingTime":0,"PepExecIsomorphismTime":13},{"PeptideID":"803","PepExecIsomorStrictMatchTime":31,"PepNumAtoms":109,"PepExecutionCompleteTime":70,"PeptideName":"kahalalide S","PepExecIsomorLightMatchTime":32,"PepExecTilingTime":7,"PepExecIsomorphismTime":63},{"PeptideID":"803","PepExecIsomorStrictMatchTime":31,"PepNumAtoms":109,"PepExecutionCompleteTime":54,"PeptideName":"kahalalide S","PepExecIsomorLightMatchTime":17,"PepExecTilingTime":6,"PepExecIsomorphismTime":48},{"PeptideID":"803","PepExecIsomorStrictMatchTime":31,"PepNumAtoms":109,"PepExecutionCompleteTime":69,"PeptideName":"kahalalide S","PepExecIsomorLightMatchTime":31,"PepExecTilingTime":7,"PepExecIsomorphismTime":62},{"PeptideID":"803","PepExecIsomorStrictMatchTime":31,"PepNumAtoms":109,"PepExecutionCompleteTime":48,"PeptideName":"kahalalide S","PepExecIsomorLightMatchTime":15,"PepExecTilingTime":2,"PepExecIsomorphismTime":46},{"PeptideID":"803","PepExecIsomorStrictMatchTime":31,"PepNumAtoms":109,"PepExecutionCompleteTime":39,"PeptideName":"kahalalide S","PepExecIsomorLightMatchTime":7,"PepExecTilingTime":1,"PepExecIsomorphismTime":38},{"PeptideID":"803","PepExecIsomorStrictMatchTime":31,"PepNumAtoms":109,"PepExecutionCompleteTime":52,"PeptideName":"kahalalide S","PepExecIsomorLightMatchTime":16,"PepExecTilingTime":5,"PepExecIsomorphismTime":47},{"PeptideID":"803","PepExecIsomorStrictMatchTime":31,"PepNumAtoms":109,"PepExecutionCompleteTime":67,"PeptideName":"kahalalide S","PepExecIsomorLightMatchTime":31,"PepExecTilingTime":5,"PepExecIsomorphismTime":62},{"PeptideID":"803","PepExecIsomorStrictMatchTime":31,"PepNumAtoms":109,"PepExecutionCompleteTime":39,"PeptideName":"kahalalide S","PepExecIsomorLightMatchTime":7,"PepExecTilingTime":1,"PepExecIsomorphismTime":38},{"PeptideID":"803","PepExecIsomorStrictMatchTime":31,"PepNumAtoms":109,"PepExecutionCompleteTime":75,"PeptideName":"kahalalide S","PepExecIsomorLightMatchTime":39,"PepExecTilingTime":5,"PepExecIsomorphismTime":70},{"PeptideID":"803","PepExecIsomorStrictMatchTime":31,"PepNumAtoms":109,"PepExecutionCompleteTime":67,"PeptideName":"kahalalide S","PepExecIsomorLightMatchTime":31,"PepExecTilingTime":5,"PepExecIsomorphismTime":62},{"PeptideID":"802","PepExecIsomorStrictMatchTime":26,"PepNumAtoms":108,"PepExecutionCompleteTime":27,"PeptideName":"kahalalide R","PepExecIsomorLightMatchTime":0,"PepExecTilingTime":1,"PepExecIsomorphismTime":26},{"PeptideID":"440","PepExecIsomorStrictMatchTime":19,"PepNumAtoms":42,"PepExecutionCompleteTime":19,"PeptideName":"obyanamide","PepExecIsomorLightMatchTime":0,"PepExecTilingTime":0,"PepExecIsomorphismTime":19},{"PeptideID":"125","PepExecIsomorStrictMatchTime":14,"PepNumAtoms":72,"PepExecutionCompleteTime":15,"PeptideName":"microcystin LY","PepExecIsomorLightMatchTime":0,"PepExecTilingTime":1,"PepExecIsomorphismTime":14},{"PeptideID":"568","PepExecIsomorStrictMatchTime":21,"PepNumAtoms":118,"PepExecutionCompleteTime":124,"PeptideName":"theonellamide D","PepExecIsomorLightMatchTime":88,"PepExecTilingTime":15,"PepExecIsomorphismTime":109},{"PeptideID":"627","PepExecIsomorStrictMatchTime":8,"PepNumAtoms":35,"PepExecutionCompleteTime":8,"PeptideName":"malformin A1","PepExecIsomorLightMatchTime":0,"PepExecTilingTime":0,"PepExecIsomorphismTime":8},{"PeptideID":"228","PepExecIsomorStrictMatchTime":15,"PepNumAtoms":90,"PepExecutionCompleteTime":15,"PeptideName":"actinomycin D","PepExecIsomorLightMatchTime":0,"PepExecTilingTime":0,"PepExecIsomorphismTime":15},{"PeptideID":"570","PepExecIsomorStrictMatchTime":18,"PepNumAtoms":109,"PepExecutionCompleteTime":95,"PeptideName":"theonellamide F","PepExecIsomorLightMatchTime":63,"PepExecTilingTime":14,"PepExecIsomorphismTime":81},{"PeptideID":"569","PepExecIsomorStrictMatchTime":21,"PepNumAtoms":120,"PepExecutionCompleteTime":147,"PeptideName":"theonellamide E","PepExecIsomorLightMatchTime":104,"PepExecTilingTime":22,"PepExecIsomorphismTime":125},{"PeptideID":"229","PepExecIsomorStrictMatchTime":18,"PepNumAtoms":90,"PepExecutionCompleteTime":18,"PeptideName":"actinomycin I","PepExecIsomorLightMatchTime":0,"PepExecTilingTime":0,"PepExecIsomorphismTime":18},{"PeptideID":"110","PepExecIsomorStrictMatchTime":14,"PepNumAtoms":74,"PepExecutionCompleteTime":14,"PeptideName":"microcystin LW","PepExecIsomorLightMatchTime":0,"PepExecTilingTime":0,"PepExecIsomorphismTime":14},{"PeptideID":"575","PepExecIsomorStrictMatchTime":13,"PepNumAtoms":55,"PepExecutionCompleteTime":13,"PeptideName":"waiakeamide","PepExecIsomorLightMatchTime":0,"PepExecTilingTime":0,"PepExecIsomorphismTime":13},{"PeptideID":"565","PepExecIsomorStrictMatchTime":24,"PepNumAtoms":121,"PepExecutionCompleteTime":141,"PeptideName":"theonellamide A","PepExecIsomorLightMatchTime":95,"PepExecTilingTime":22,"PepExecIsomorphismTime":119},{"PeptideID":"456","PepExecIsomorStrictMatchTime":8,"PepNumAtoms":38,"PepExecutionCompleteTime":8,"PeptideName":"hemiasterlin","PepExecIsomorLightMatchTime":0,"PepExecTilingTime":0,"PepExecIsomorphismTime":8},{"PeptideID":"825","PepExecIsomorStrictMatchTime":12,"PepNumAtoms":55,"PepExecutionCompleteTime":289,"PeptideName":"motuporin","PepExecIsomorLightMatchTime":232,"PepExecTilingTime":45,"PepExecIsomorphismTime":244},{"PeptideID":"825","PepExecIsomorStrictMatchTime":12,"PepNumAtoms":55,"PepExecutionCompleteTime":110,"PeptideName":"motuporin","PepExecIsomorLightMatchTime":17,"PepExecTilingTime":81,"PepExecIsomorphismTime":29},{"PeptideID":"825","PepExecIsomorStrictMatchTime":12,"PepNumAtoms":55,"PepExecutionCompleteTime":112,"PeptideName":"motuporin","PepExecIsomorLightMatchTime":16,"PepExecTilingTime":84,"PepExecIsomorphismTime":28},{"PeptideID":"825","PepExecIsomorStrictMatchTime":12,"PepNumAtoms":55,"PepExecutionCompleteTime":79,"PeptideName":"motuporin","PepExecIsomorLightMatchTime":31,"PepExecTilingTime":36,"PepExecIsomorphismTime":43},{"PeptideID":"825","PepExecIsomorStrictMatchTime":12,"PepNumAtoms":55,"PepExecutionCompleteTime":31,"PeptideName":"motuporin","PepExecIsomorLightMatchTime":16,"PepExecTilingTime":3,"PepExecIsomorphismTime":28},{"PeptideID":"109","PepExecIsomorStrictMatchTime":16,"PepNumAtoms":71,"PepExecutionCompleteTime":16,"PeptideName":"microcystin LR","PepExecIsomorLightMatchTime":0,"PepExecTilingTime":0,"PepExecIsomorphismTime":16},{"PeptideID":"929","PepExecIsomorStrictMatchTime":37,"PepNumAtoms":136,"PepExecutionCompleteTime":1369,"PeptideName":"avoparcin-beta","PepExecIsomorLightMatchTime":761,"PepExecTilingTime":571,"PepExecIsomorphismTime":798},{"PeptideID":"929","PepExecIsomorStrictMatchTime":37,"PepNumAtoms":136,"PepExecutionCompleteTime":1411,"PeptideName":"avoparcin-beta","PepExecIsomorLightMatchTime":602,"PepExecTilingTime":772,"PepExecIsomorphismTime":639},{"PeptideID":"929","PepExecIsomorStrictMatchTime":37,"PepNumAtoms":136,"PepExecutionCompleteTime":2664,"PeptideName":"avoparcin-beta","PepExecIsomorLightMatchTime":667,"PepExecTilingTime":1960,"PepExecIsomorphismTime":704},{"PeptideID":"929","PepExecIsomorStrictMatchTime":37,"PepNumAtoms":136,"PepExecutionCompleteTime":2924,"PeptideName":"avoparcin-beta","PepExecIsomorLightMatchTime":741,"PepExecTilingTime":2146,"PepExecIsomorphismTime":778},{"PeptideID":"929","PepExecIsomorStrictMatchTime":37,"PepNumAtoms":136,"PepExecutionCompleteTime":3011,"PeptideName":"avoparcin-beta","PepExecIsomorLightMatchTime":660,"PepExecTilingTime":2314,"PepExecIsomorphismTime":697},{"PeptideID":"929","PepExecIsomorStrictMatchTime":37,"PepNumAtoms":136,"PepExecutionCompleteTime":2832,"PeptideName":"avoparcin-beta","PepExecIsomorLightMatchTime":2054,"PepExecTilingTime":741,"PepExecIsomorphismTime":2091},{"PeptideID":"929","PepExecIsomorStrictMatchTime":37,"PepNumAtoms":136,"PepExecutionCompleteTime":2784,"PeptideName":"avoparcin-beta","PepExecIsomorLightMatchTime":2044,"PepExecTilingTime":703,"PepExecIsomorphismTime":2081},{"PeptideID":"330","PepExecIsomorStrictMatchTime":10,"PepNumAtoms":63,"PepExecutionCompleteTime":10,"PeptideName":"bacillibactin","PepExecIsomorLightMatchTime":0,"PepExecTilingTime":0,"PepExecIsomorphismTime":10},{"PeptideID":"111","PepExecIsomorStrictMatchTime":24,"PepNumAtoms":68,"PepExecutionCompleteTime":24,"PeptideName":"microcystin LL","PepExecIsomorLightMatchTime":0,"PepExecTilingTime":0,"PepExecIsomorphismTime":24},{"PeptideID":"18","PepExecIsomorStrictMatchTime":23,"PepNumAtoms":100,"PepExecutionCompleteTime":70,"PeptideName":"bacitracin A1","PepExecIsomorLightMatchTime":33,"PepExecTilingTime":14,"PepExecIsomorphismTime":56},{"PeptideID":"18","PepExecIsomorStrictMatchTime":23,"PepNumAtoms":100,"PepExecutionCompleteTime":42,"PeptideName":"bacitracin A1","PepExecIsomorLightMatchTime":18,"PepExecTilingTime":1,"PepExecIsomorphismTime":41},{"PeptideID":"18","PepExecIsomorStrictMatchTime":23,"PepNumAtoms":100,"PepExecutionCompleteTime":40,"PeptideName":"bacitracin A1","PepExecIsomorLightMatchTime":16,"PepExecTilingTime":1,"PepExecIsomorphismTime":39},{"PeptideID":"536","PepExecIsomorStrictMatchTime":10,"PepNumAtoms":54,"PepExecutionCompleteTime":11,"PeptideName":"phakellistatin 14","PepExecIsomorLightMatchTime":0,"PepExecTilingTime":1,"PepExecIsomorphismTime":10},{"PeptideID":"232","PepExecIsomorStrictMatchTime":16,"PepNumAtoms":91,"PepExecutionCompleteTime":16,"PeptideName":"actinomycin V","PepExecIsomorLightMatchTime":0,"PepExecTilingTime":0,"PepExecIsomorphismTime":16},{"PeptideID":"632","PepExecIsomorStrictMatchTime":9,"PepNumAtoms":35,"PepExecutionCompleteTime":39,"PeptideName":"allomalformin","PepExecIsomorLightMatchTime":24,"PepExecTilingTime":6,"PepExecIsomorphismTime":33},{"PeptideID":"632","PepExecIsomorStrictMatchTime":9,"PepNumAtoms":35,"PepExecutionCompleteTime":17,"PeptideName":"allomalformin","PepExecIsomorLightMatchTime":7,"PepExecTilingTime":1,"PepExecIsomorphismTime":16},{"PeptideID":"534","PepExecIsomorStrictMatchTime":37,"PepNumAtoms":82,"PepExecutionCompleteTime":37,"PeptideName":"phakellistatin 12","PepExecIsomorLightMatchTime":0,"PepExecTilingTime":0,"PepExecIsomorphismTime":37},{"PeptideID":"535","PepExecIsomorStrictMatchTime":11,"PepNumAtoms":58,"PepExecutionCompleteTime":12,"PeptideName":"phakellistatin 13","PepExecIsomorLightMatchTime":0,"PepExecTilingTime":1,"PepExecIsomorphismTime":11},{"PeptideID":"532","PepExecIsomorStrictMatchTime":16,"PepNumAtoms":63,"PepExecutionCompleteTime":16,"PeptideName":"phakellistatin 10","PepExecIsomorLightMatchTime":0,"PepExecTilingTime":0,"PepExecIsomorphismTime":16},{"PeptideID":"533","PepExecIsomorStrictMatchTime":15,"PepNumAtoms":71,"PepExecutionCompleteTime":16,"PeptideName":"phakellistatin 11","PepExecIsomorLightMatchTime":0,"PepExecTilingTime":1,"PepExecIsomorphismTime":15},{"PeptideID":"279","PepExecIsomorStrictMatchTime":13,"PepNumAtoms":59,"PepExecutionCompleteTime":13,"PeptideName":"nodularin R","PepExecIsomorLightMatchTime":0,"PepExecTilingTime":0,"PepExecIsomorphismTime":13},{"PeptideID":"252","PepExecIsomorStrictMatchTime":10,"PepNumAtoms":57,"PepExecutionCompleteTime":10,"PeptideName":"beauvericin","PepExecIsomorLightMatchTime":0,"PepExecTilingTime":0,"PepExecIsomorphismTime":10},{"PeptideID":"75","PepExecIsomorStrictMatchTime":10,"PepNumAtoms":43,"PepExecutionCompleteTime":10,"PeptideName":"homoDestruxin B","PepExecIsomorLightMatchTime":0,"PepExecTilingTime":0,"PepExecIsomorphismTime":10},{"PeptideID":"304","PepExecIsomorStrictMatchTime":8,"PepNumAtoms":31,"PepExecutionCompleteTime":8,"PeptideName":"HC-toxin","PepExecIsomorLightMatchTime":0,"PepExecTilingTime":0,"PepExecIsomorphismTime":8},{"PeptideID":"660","PepExecIsomorStrictMatchTime":20,"PepNumAtoms":108,"PepExecutionCompleteTime":61,"PeptideName":"mycobacillin","PepExecIsomorLightMatchTime":23,"PepExecTilingTime":18,"PepExecIsomorphismTime":43},{"PeptideID":"678","PepExecIsomorStrictMatchTime":25,"PepNumAtoms":62,"PepExecutionCompleteTime":25,"PeptideName":"pristinamycin IC","PepExecIsomorLightMatchTime":0,"PepExecTilingTime":0,"PepExecIsomorphismTime":25},{"PeptideID":"226","PepExecIsomorStrictMatchTime":34,"PepNumAtoms":104,"PepExecutionCompleteTime":35,"PeptideName":"fengycin A","PepExecIsomorLightMatchTime":0,"PepExecTilingTime":1,"PepExecIsomorphismTime":34},{"PeptideID":"676","PepExecIsomorStrictMatchTime":22,"PepNumAtoms":63,"PepExecutionCompleteTime":22,"PeptideName":"pristinamycin IA","PepExecIsomorLightMatchTime":0,"PepExecTilingTime":0,"PepExecIsomorphismTime":22},{"PeptideID":"677","PepExecIsomorStrictMatchTime":33,"PepNumAtoms":62,"PepExecutionCompleteTime":33,"PeptideName":"pristinamycin IB","PepExecIsomorLightMatchTime":0,"PepExecTilingTime":0,"PepExecIsomorphismTime":33},{"PeptideID":"251","PepExecIsomorStrictMatchTime":8,"PepNumAtoms":48,"PepExecutionCompleteTime":8,"PeptideName":"enterobactin","PepExecIsomorLightMatchTime":0,"PepExecTilingTime":0,"PepExecIsomorphismTime":8},{"PeptideID":"657","PepExecIsomorStrictMatchTime":24,"PepNumAtoms":106,"PepExecutionCompleteTime":24,"PeptideName":"gratisin","PepExecIsomorLightMatchTime":0,"PepExecTilingTime":0,"PepExecIsomorphismTime":24},{"PeptideID":"329","PepExecIsomorStrictMatchTime":8,"PepNumAtoms":47,"PepExecutionCompleteTime":8,"PeptideName":"jaspamide","PepExecIsomorLightMatchTime":0,"PepExecTilingTime":0,"PepExecIsomorphismTime":8},{"PeptideID":"621","PepExecIsomorStrictMatchTime":14,"PepNumAtoms":70,"PepExecutionCompleteTime":14,"PeptideName":"majusculamide C","PepExecIsomorLightMatchTime":0,"PepExecTilingTime":0,"PepExecIsomorphismTime":14},{"PeptideID":"681","PepExecIsomorStrictMatchTime":23,"PepNumAtoms":101,"PepExecutionCompleteTime":23,"PeptideName":"vancomycin","PepExecIsomorLightMatchTime":0,"PepExecTilingTime":0,"PepExecIsomorphismTime":23},{"PeptideID":"731","PepExecIsomorStrictMatchTime":25,"PepNumAtoms":71,"PepExecutionCompleteTime":150,"PeptideName":"apramide F","PepExecIsomorLightMatchTime":122,"PepExecTilingTime":3,"PepExecIsomorphismTime":147},{"PeptideID":"731","PepExecIsomorStrictMatchTime":25,"PepNumAtoms":71,"PepExecutionCompleteTime":37,"PeptideName":"apramide F","PepExecIsomorLightMatchTime":11,"PepExecTilingTime":1,"PepExecIsomorphismTime":36},{"PeptideID":"731","PepExecIsomorStrictMatchTime":25,"PepNumAtoms":71,"PepExecutionCompleteTime":87,"PeptideName":"apramide F","PepExecIsomorLightMatchTime":58,"PepExecTilingTime":4,"PepExecIsomorphismTime":83},{"PeptideID":"730","PepExecIsomorStrictMatchTime":17,"PepNumAtoms":70,"PepExecutionCompleteTime":85,"PeptideName":"apramide E","PepExecIsomorLightMatchTime":64,"PepExecTilingTime":4,"PepExecIsomorphismTime":81},{"PeptideID":"730","PepExecIsomorStrictMatchTime":17,"PepNumAtoms":70,"PepExecutionCompleteTime":29,"PeptideName":"apramide E","PepExecIsomorLightMatchTime":10,"PepExecTilingTime":2,"PepExecIsomorphismTime":27},{"PeptideID":"730","PepExecIsomorStrictMatchTime":17,"PepNumAtoms":70,"PepExecutionCompleteTime":82,"PeptideName":"apramide E","PepExecIsomorLightMatchTime":60,"PepExecTilingTime":5,"PepExecIsomorphismTime":77},{"PeptideID":"101","PepExecIsomorStrictMatchTime":24,"PepNumAtoms":48,"PepExecutionCompleteTime":24,"PeptideName":"MK1688","PepExecIsomorLightMatchTime":0,"PepExecTilingTime":0,"PepExecIsomorphismTime":24},{"PeptideID":"411","PepExecIsomorStrictMatchTime":11,"PepNumAtoms":58,"PepExecutionCompleteTime":32,"PeptideName":"apramide G","PepExecIsomorLightMatchTime":21,"PepExecTilingTime":0,"PepExecIsomorphismTime":32},{"PeptideID":"728","PepExecIsomorStrictMatchTime":13,"PepNumAtoms":68,"PepExecutionCompleteTime":13,"PeptideName":"apramide B","PepExecIsomorLightMatchTime":0,"PepExecTilingTime":0,"PepExecIsomorphismTime":13},{"PeptideID":"409","PepExecIsomorStrictMatchTime":35,"PepNumAtoms":69,"PepExecutionCompleteTime":35,"PeptideName":"apramide A","PepExecIsomorLightMatchTime":0,"PepExecTilingTime":0,"PepExecIsomorphismTime":35},{"PeptideID":"410","PepExecIsomorStrictMatchTime":15,"PepNumAtoms":71,"PepExecutionCompleteTime":73,"PeptideName":"apramide D","PepExecIsomorLightMatchTime":54,"PepExecTilingTime":4,"PepExecIsomorphismTime":69},{"PeptideID":"410","PepExecIsomorStrictMatchTime":15,"PepNumAtoms":71,"PepExecutionCompleteTime":107,"PeptideName":"apramide D","PepExecIsomorLightMatchTime":87,"PepExecTilingTime":5,"PepExecIsomorphismTime":102},{"PeptideID":"928","PepExecIsomorStrictMatchTime":44,"PepNumAtoms":135,"PepExecutionCompleteTime":3563,"PeptideName":"avoparcin-alpha","PepExecIsomorLightMatchTime":614,"PepExecTilingTime":2905,"PepExecIsomorphismTime":658},{"PeptideID":"928","PepExecIsomorStrictMatchTime":44,"PepNumAtoms":135,"PepExecutionCompleteTime":1663,"PeptideName":"avoparcin-alpha","PepExecIsomorLightMatchTime":525,"PepExecTilingTime":1094,"PepExecIsomorphismTime":569},{"PeptideID":"928","PepExecIsomorStrictMatchTime":44,"PepNumAtoms":135,"PepExecutionCompleteTime":1615,"PeptideName":"avoparcin-alpha","PepExecIsomorLightMatchTime":804,"PepExecTilingTime":767,"PepExecIsomorphismTime":848},{"PeptideID":"928","PepExecIsomorStrictMatchTime":44,"PepNumAtoms":135,"PepExecutionCompleteTime":1600,"PeptideName":"avoparcin-alpha","PepExecIsomorLightMatchTime":652,"PepExecTilingTime":904,"PepExecIsomorphismTime":696},{"PeptideID":"928","PepExecIsomorStrictMatchTime":44,"PepNumAtoms":135,"PepExecutionCompleteTime":1568,"PeptideName":"avoparcin-alpha","PepExecIsomorLightMatchTime":670,"PepExecTilingTime":854,"PepExecIsomorphismTime":714},{"PeptideID":"928","PepExecIsomorStrictMatchTime":44,"PepNumAtoms":135,"PepExecutionCompleteTime":1520,"PeptideName":"avoparcin-alpha","PepExecIsomorLightMatchTime":676,"PepExecTilingTime":800,"PepExecIsomorphismTime":720},{"PeptideID":"928","PepExecIsomorStrictMatchTime":44,"PepNumAtoms":135,"PepExecutionCompleteTime":1447,"PeptideName":"avoparcin-alpha","PepExecIsomorLightMatchTime":677,"PepExecTilingTime":726,"PepExecIsomorphismTime":721},{"PeptideID":"282","PepExecIsomorStrictMatchTime":15,"PepNumAtoms":78,"PepExecutionCompleteTime":15,"PeptideName":"aureobasidin B","PepExecIsomorLightMatchTime":0,"PepExecTilingTime":0,"PepExecIsomorphismTime":15},{"PeptideID":"1126","PepExecIsomorStrictMatchTime":11,"PepNumAtoms":77,"PepExecutionCompleteTime":48,"PeptideName":"echinomycin","PepExecIsomorLightMatchTime":29,"PepExecTilingTime":8,"PepExecIsomorphismTime":40},{"PeptideID":"1126","PepExecIsomorStrictMatchTime":11,"PepNumAtoms":77,"PepExecutionCompleteTime":40,"PeptideName":"echinomycin","PepExecIsomorLightMatchTime":27,"PepExecTilingTime":2,"PepExecIsomorphismTime":38},{"PeptideID":"281","PepExecIsomorStrictMatchTime":21,"PepNumAtoms":79,"PepExecutionCompleteTime":21,"PeptideName":"aureobasidin A","PepExecIsomorLightMatchTime":0,"PepExecTilingTime":0,"PepExecIsomorphismTime":21},{"PeptideID":"86","PepExecIsomorStrictMatchTime":9,"PepNumAtoms":42,"PepExecutionCompleteTime":33,"PeptideName":"destruxin E","PepExecIsomorLightMatchTime":23,"PepExecTilingTime":1,"PepExecIsomorphismTime":32},{"PeptideID":"636","PepExecIsomorStrictMatchTime":11,"PepNumAtoms":47,"PepExecutionCompleteTime":11,"PeptideName":"tuberactinomycin O","PepExecIsomorLightMatchTime":0,"PepExecTilingTime":0,"PepExecIsomorphismTime":11},{"PeptideID":"65","PepExecIsomorStrictMatchTime":9,"PepNumAtoms":42,"PepExecutionCompleteTime":9,"PeptideName":"destruxin B","PepExecIsomorLightMatchTime":0,"PepExecTilingTime":0,"PepExecIsomorphismTime":9},{"PeptideID":"635","PepExecIsomorStrictMatchTime":10,"PepNumAtoms":48,"PepExecutionCompleteTime":32,"PeptideName":"tuberactinomycin N","PepExecIsomorLightMatchTime":20,"PepExecTilingTime":2,"PepExecIsomorphismTime":30},{"PeptideID":"64","PepExecIsomorStrictMatchTime":9,"PepNumAtoms":41,"PepExecutionCompleteTime":32,"PeptideName":"destruxin A","PepExecIsomorLightMatchTime":21,"PepExecTilingTime":2,"PepExecIsomorphismTime":30},{"PeptideID":"64","PepExecIsomorStrictMatchTime":9,"PepNumAtoms":41,"PepExecutionCompleteTime":15,"PeptideName":"destruxin A","PepExecIsomorLightMatchTime":6,"PepExecTilingTime":0,"PepExecIsomorphismTime":15},{"PeptideID":"287","PepExecIsomorStrictMatchTime":20,"PepNumAtoms":78,"PepExecutionCompleteTime":20,"PeptideName":"aureobasidin G","PepExecIsomorLightMatchTime":0,"PepExecTilingTime":0,"PepExecIsomorphismTime":20},{"PeptideID":"499","PepExecIsomorStrictMatchTime":39,"PepNumAtoms":100,"PepExecutionCompleteTime":39,"PeptideName":"theonellapeptolide Ie","PepExecIsomorLightMatchTime":0,"PepExecTilingTime":0,"PepExecIsomorphismTime":39},{"PeptideID":"285","PepExecIsomorStrictMatchTime":16,"PepNumAtoms":80,"PepExecutionCompleteTime":17,"PeptideName":"aureobasidin E","PepExecIsomorLightMatchTime":0,"PepExecTilingTime":1,"PepExecIsomorphismTime":16},{"PeptideID":"486","PepExecIsomorStrictMatchTime":7,"PepNumAtoms":34,"PepExecutionCompleteTime":7,"PeptideName":"tokaramide A","PepExecIsomorLightMatchTime":0,"PepExecTilingTime":0,"PepExecIsomorphismTime":7},{"PeptideID":"515","PepExecIsomorStrictMatchTime":14,"PepNumAtoms":54,"PepExecutionCompleteTime":14,"PeptideName":"axinastatin 1","PepExecIsomorLightMatchTime":0,"PepExecTilingTime":0,"PepExecIsomorphismTime":14},{"PeptideID":"382","PepExecIsomorStrictMatchTime":32,"PepNumAtoms":118,"PepExecutionCompleteTime":32,"PeptideName":"didemnin X","PepExecIsomorLightMatchTime":0,"PepExecTilingTime":0,"PepExecIsomorphismTime":32},{"PeptideID":"383","PepExecIsomorStrictMatchTime":34,"PepNumAtoms":127,"PepExecutionCompleteTime":34,"PeptideName":"didemnin Y","PepExecIsomorLightMatchTime":0,"PepExecTilingTime":0,"PepExecIsomorphismTime":34},{"PeptideID":"344","PepExecIsomorStrictMatchTime":37,"PepNumAtoms":140,"PepExecutionCompleteTime":38,"PeptideName":"tolaasin I","PepExecIsomorLightMatchTime":0,"PepExecTilingTime":1,"PepExecIsomorphismTime":37},{"PeptideID":"625","PepExecIsomorStrictMatchTime":12,"PepNumAtoms":58,"PepExecutionCompleteTime":90,"PeptideName":"bottromycin A2","PepExecIsomorLightMatchTime":68,"PepExecTilingTime":10,"PepExecIsomorphismTime":80},{"PeptideID":"876","PepExecIsomorStrictMatchTime":41,"PepNumAtoms":141,"PepExecutionCompleteTime":41,"PeptideName":"tolaasin C","PepExecIsomorLightMatchTime":0,"PepExecTilingTime":0,"PepExecIsomorphismTime":41},{"PeptideID":"347","PepExecIsomorStrictMatchTime":37,"PepNumAtoms":140,"PepExecutionCompleteTime":38,"PeptideName":"tolaasin D","PepExecIsomorLightMatchTime":0,"PepExecTilingTime":1,"PepExecIsomorphismTime":37},{"PeptideID":"875","PepExecIsomorStrictMatchTime":36,"PepNumAtoms":138,"PepExecutionCompleteTime":36,"PeptideName":"tolaasin A","PepExecIsomorLightMatchTime":0,"PepExecTilingTime":0,"PepExecIsomorphismTime":36},{"PeptideID":"692","PepExecIsomorStrictMatchTime":26,"PepNumAtoms":110,"PepExecutionCompleteTime":26,"PeptideName":"decaplanin","PepExecIsomorLightMatchTime":0,"PepExecTilingTime":0,"PepExecIsomorphismTime":26},{"PeptideID":"984","PepExecIsomorStrictMatchTime":32,"PepNumAtoms":128,"PepExecutionCompleteTime":32,"PeptideName":"emerimicin IIB","PepExecIsomorLightMatchTime":0,"PepExecTilingTime":0,"PepExecIsomorphismTime":32},{"PeptideID":"346","PepExecIsomorStrictMatchTime":35,"PepNumAtoms":139,"PepExecutionCompleteTime":35,"PeptideName":"tolaasin B","PepExecIsomorLightMatchTime":0,"PepExecTilingTime":0,"PepExecIsomorphismTime":35},{"PeptideID":"1107","PepExecIsomorStrictMatchTime":11,"PepNumAtoms":45,"PepExecutionCompleteTime":11,"PeptideName":"apicidin","PepExecIsomorLightMatchTime":0,"PepExecTilingTime":0,"PepExecIsomorphismTime":11},{"PeptideID":"348","PepExecIsomorStrictMatchTime":39,"PepNumAtoms":137,"PepExecutionCompleteTime":39,"PeptideName":"tolaasin E","PepExecIsomorLightMatchTime":0,"PepExecTilingTime":0,"PepExecIsomorphismTime":39},{"PeptideID":"517","PepExecIsomorStrictMatchTime":18,"PepNumAtoms":56,"PepExecutionCompleteTime":18,"PeptideName":"axinastatin 3","PepExecIsomorLightMatchTime":0,"PepExecTilingTime":0,"PepExecIsomorphismTime":18},{"PeptideID":"516","PepExecIsomorStrictMatchTime":13,"PepNumAtoms":55,"PepExecutionCompleteTime":13,"PeptideName":"axinastatin 2","PepExecIsomorLightMatchTime":0,"PepExecTilingTime":0,"PepExecIsomorphismTime":13},{"PeptideID":"519","PepExecIsomorStrictMatchTime":55,"PepNumAtoms":64,"PepExecutionCompleteTime":55,"PeptideName":"axinastatin 5","PepExecIsomorLightMatchTime":0,"PepExecTilingTime":0,"PepExecIsomorphismTime":55},{"PeptideID":"661","PepExecIsomorStrictMatchTime":38,"PepNumAtoms":166,"PepExecutionCompleteTime":194,"PeptideName":"enduracidin A","PepExecIsomorLightMatchTime":151,"PepExecTilingTime":5,"PepExecIsomorphismTime":189},{"PeptideID":"762","PepExecIsomorStrictMatchTime":41,"PepNumAtoms":167,"PepExecutionCompleteTime":173,"PeptideName":"enduracidin B","PepExecIsomorLightMatchTime":127,"PepExecTilingTime":5,"PepExecIsomorphismTime":168},{"PeptideID":"445","PepExecIsomorStrictMatchTime":23,"PepNumAtoms":117,"PepExecutionCompleteTime":23,"PeptideName":"microspinosamide","PepExecIsomorLightMatchTime":0,"PepExecTilingTime":0,"PepExecIsomorphismTime":23},{"PeptideID":"357","PepExecIsomorStrictMatchTime":36,"PepNumAtoms":81,"PepExecutionCompleteTime":36,"PeptideName":"syringostatin A","PepExecIsomorLightMatchTime":0,"PepExecTilingTime":0,"PepExecIsomorphismTime":36},{"PeptideID":"1108","PepExecIsomorStrictMatchTime":11,"PepNumAtoms":43,"PepExecutionCompleteTime":11,"PeptideName":"apicidin A","PepExecIsomorLightMatchTime":0,"PepExecTilingTime":0,"PepExecIsomorphismTime":11},{"PeptideID":"289","PepExecIsomorStrictMatchTime":12,"PepNumAtoms":68,"PepExecutionCompleteTime":12,"PeptideName":"PF1022A","PepExecIsomorLightMatchTime":0,"PepExecTilingTime":0,"PepExecIsomorphismTime":12},{"PeptideID":"1112","PepExecIsomorStrictMatchTime":10,"PepNumAtoms":45,"PepExecutionCompleteTime":120,"PeptideName":"apicidin C","PepExecIsomorLightMatchTime":108,"PepExecTilingTime":2,"PepExecIsomorphismTime":118},{"PeptideID":"294","PepExecIsomorStrictMatchTime":6,"PepNumAtoms":23,"PepExecutionCompleteTime":6,"PeptideName":"coronatine","PepExecIsomorLightMatchTime":0,"PepExecTilingTime":0,"PepExecIsomorphismTime":6},{"PeptideID":"459","PepExecIsomorStrictMatchTime":7,"PepNumAtoms":37,"PepExecutionCompleteTime":7,"PeptideName":"hemiasterlin C","PepExecIsomorLightMatchTime":0,"PepExecTilingTime":0,"PepExecIsomorphismTime":7},{"PeptideID":"457","PepExecIsomorStrictMatchTime":8,"PepNumAtoms":37,"PepExecutionCompleteTime":8,"PeptideName":"hemiasterlin A","PepExecIsomorLightMatchTime":0,"PepExecTilingTime":0,"PepExecIsomorphismTime":8},{"PeptideID":"820","PepExecIsomorStrictMatchTime":8,"PepNumAtoms":35,"PepExecutionCompleteTime":119,"PeptideName":"nocardicin D","PepExecIsomorLightMatchTime":105,"PepExecTilingTime":6,"PepExecIsomorphismTime":113},{"PeptideID":"51","PepExecIsomorStrictMatchTime":18,"PepNumAtoms":84,"PepExecutionCompleteTime":18,"PeptideName":"cyclosporin U","PepExecIsomorLightMatchTime":0,"PepExecTilingTime":0,"PepExecIsomorphismTime":18},{"PeptideID":"108","PepExecIsomorStrictMatchTime":34,"PepNumAtoms":75,"PepExecutionCompleteTime":34,"PeptideName":"microcystin YR","PepExecIsomorLightMatchTime":0,"PepExecTilingTime":0,"PepExecIsomorphismTime":34},{"PeptideID":"766","PepExecIsomorStrictMatchTime":20,"PepNumAtoms":92,"PepExecutionCompleteTime":20,"PeptideName":"friulimicin B","PepExecIsomorLightMatchTime":0,"PepExecTilingTime":0,"PepExecIsomorphismTime":20},{"PeptideID":"426","PepExecIsomorStrictMatchTime":12,"PepNumAtoms":53,"PepExecutionCompleteTime":41,"PeptideName":"gymnangiamide","PepExecIsomorLightMatchTime":23,"PepExecTilingTime":6,"PepExecIsomorphismTime":35},{"PeptideID":"426","PepExecIsomorStrictMatchTime":12,"PepNumAtoms":53,"PepExecutionCompleteTime":24,"PeptideName":"gymnangiamide","PepExecIsomorLightMatchTime":11,"PepExecTilingTime":1,"PepExecIsomorphismTime":23},{"PeptideID":"426","PepExecIsomorStrictMatchTime":12,"PepNumAtoms":53,"PepExecutionCompleteTime":23,"PeptideName":"gymnangiamide","PepExecIsomorLightMatchTime":5,"PepExecTilingTime":6,"PepExecIsomorphismTime":17},{"PeptideID":"685","PepExecIsomorStrictMatchTime":40,"PepNumAtoms":101,"PepExecutionCompleteTime":40,"PeptideName":"balhimycin","PepExecIsomorLightMatchTime":0,"PepExecTilingTime":0,"PepExecIsomorphismTime":40},{"PeptideID":"234","PepExecIsomorStrictMatchTime":16,"PepNumAtoms":92,"PepExecutionCompleteTime":16,"PeptideName":"actinomycin VII","PepExecIsomorLightMatchTime":0,"PepExecTilingTime":0,"PepExecIsomorphismTime":16},{"PeptideID":"28","PepExecIsomorStrictMatchTime":16,"PepNumAtoms":107,"PepExecutionCompleteTime":16,"PeptideName":"CDA4a","PepExecIsomorLightMatchTime":0,"PepExecTilingTime":0,"PepExecIsomorphismTime":16},{"PeptideID":"29","PepExecIsomorStrictMatchTime":18,"PepNumAtoms":107,"PepExecutionCompleteTime":18,"PeptideName":"CDA4b","PepExecIsomorLightMatchTime":0,"PepExecTilingTime":0,"PepExecIsomorphismTime":18},{"PeptideID":"255","PepExecIsomorStrictMatchTime":9,"PepNumAtoms":53,"PepExecutionCompleteTime":9,"PeptideName":"beauvericin E","PepExecIsomorLightMatchTime":0,"PepExecTilingTime":0,"PepExecIsomorphismTime":9},{"PeptideID":"256","PepExecIsomorStrictMatchTime":10,"PepNumAtoms":58,"PepExecutionCompleteTime":11,"PeptideName":"beauvericin F","PepExecIsomorLightMatchTime":0,"PepExecTilingTime":1,"PepExecIsomorphismTime":10},{"PeptideID":"691","PepExecIsomorStrictMatchTime":39,"PepNumAtoms":102,"PepExecutionCompleteTime":39,"PeptideName":"chloroorienticin E","PepExecIsomorLightMatchTime":0,"PepExecTilingTime":0,"PepExecIsomorphismTime":39},{"PeptideID":"690","PepExecIsomorStrictMatchTime":28,"PepNumAtoms":112,"PepExecutionCompleteTime":28,"PeptideName":"chloroorienticin D","PepExecIsomorLightMatchTime":0,"PepExecTilingTime":0,"PepExecIsomorphismTime":28},{"PeptideID":"689","PepExecIsomorStrictMatchTime":20,"PepNumAtoms":90,"PepExecutionCompleteTime":20,"PeptideName":"chloroorienticin C","PepExecIsomorLightMatchTime":0,"PepExecTilingTime":0,"PepExecIsomorphismTime":20},{"PeptideID":"988","PepExecIsomorStrictMatchTime":24,"PepNumAtoms":99,"PepExecutionCompleteTime":94,"PeptideName":"harzianin HC I","PepExecIsomorLightMatchTime":58,"PepExecTilingTime":12,"PepExecIsomorphismTime":82},{"PeptideID":"988","PepExecIsomorStrictMatchTime":24,"PepNumAtoms":99,"PepExecutionCompleteTime":52,"PeptideName":"harzianin HC I","PepExecIsomorLightMatchTime":26,"PepExecTilingTime":2,"PepExecIsomorphismTime":50},{"PeptideID":"688","PepExecIsomorStrictMatchTime":23,"PepNumAtoms":101,"PepExecutionCompleteTime":24,"PeptideName":"chloroorienticin B","PepExecIsomorLightMatchTime":0,"PepExecTilingTime":1,"PepExecIsomorphismTime":23},{"PeptideID":"687","PepExecIsomorStrictMatchTime":25,"PepNumAtoms":111,"PepExecutionCompleteTime":25,"PeptideName":"chloroorienticin A","PepExecIsomorLightMatchTime":0,"PepExecTilingTime":0,"PepExecIsomorphismTime":25},{"PeptideID":"560","PepExecIsomorStrictMatchTime":29,"PepNumAtoms":75,"PepExecutionCompleteTime":29,"PeptideName":"cyclolinopeptide A","PepExecIsomorLightMatchTime":0,"PepExecTilingTime":0,"PepExecIsomorphismTime":29},{"PeptideID":"303","PepExecIsomorStrictMatchTime":15,"PepNumAtoms":21,"PepExecutionCompleteTime":15,"PeptideName":"brevianamide F","PepExecIsomorLightMatchTime":0,"PepExecTilingTime":0,"PepExecIsomorphismTime":15},{"PeptideID":"243","PepExecIsomorStrictMatchTime":26,"PepNumAtoms":136,"PepExecutionCompleteTime":26,"PeptideName":"Val-gramicidin A","PepExecIsomorLightMatchTime":0,"PepExecTilingTime":0,"PepExecIsomorphismTime":26},{"PeptideID":"489","PepExecIsomorStrictMatchTime":10,"PepNumAtoms":43,"PepExecutionCompleteTime":103,"PeptideName":"nazumamide A","PepExecIsomorLightMatchTime":87,"PepExecTilingTime":6,"PepExecIsomorphismTime":97},{"PeptideID":"489","PepExecIsomorStrictMatchTime":10,"PepNumAtoms":43,"PepExecutionCompleteTime":99,"PeptideName":"nazumamide A","PepExecIsomorLightMatchTime":62,"PepExecTilingTime":27,"PepExecIsomorphismTime":72},{"PeptideID":"489","PepExecIsomorStrictMatchTime":10,"PepNumAtoms":43,"PepExecutionCompleteTime":60,"PeptideName":"nazumamide A","PepExecIsomorLightMatchTime":26,"PepExecTilingTime":24,"PepExecIsomorphismTime":36},{"PeptideID":"489","PepExecIsomorStrictMatchTime":10,"PepNumAtoms":43,"PepExecutionCompleteTime":107,"PeptideName":"nazumamide A","PepExecIsomorLightMatchTime":87,"PepExecTilingTime":10,"PepExecIsomorphismTime":97},{"PeptideID":"253","PepExecIsomorStrictMatchTime":11,"PepNumAtoms":58,"PepExecutionCompleteTime":11,"PeptideName":"beauvericin A","PepExecIsomorLightMatchTime":0,"PepExecTilingTime":0,"PepExecIsomorphismTime":11},{"PeptideID":"931","PepExecIsomorStrictMatchTime":30,"PepNumAtoms":118,"PepExecutionCompleteTime":31,"PeptideName":"chloropolysporin C","PepExecIsomorLightMatchTime":0,"PepExecTilingTime":1,"PepExecIsomorphismTime":30},{"PeptideID":"299","PepExecIsomorStrictMatchTime":18,"PepNumAtoms":95,"PepExecutionCompleteTime":18,"PeptideName":"tyrocidine B","PepExecIsomorLightMatchTime":0,"PepExecTilingTime":0,"PepExecIsomorphismTime":18},{"PeptideID":"932","PepExecIsomorStrictMatchTime":33,"PepNumAtoms":128,"PepExecutionCompleteTime":33,"PeptideName":"chloropolysporin B","PepExecIsomorLightMatchTime":0,"PepExecTilingTime":0,"PepExecIsomorphismTime":33},{"PeptideID":"824","PepExecIsomorStrictMatchTime":13,"PepNumAtoms":60,"PepExecutionCompleteTime":13,"PeptideName":"nodularin-Har","PepExecIsomorLightMatchTime":0,"PepExecTilingTime":0,"PepExecIsomorphismTime":13},{"PeptideID":"622","PepExecIsomorStrictMatchTime":8,"PepNumAtoms":40,"PepExecutionCompleteTime":39,"PeptideName":"foroxymithine","PepExecIsomorLightMatchTime":29,"PepExecTilingTime":2,"PepExecIsomorphismTime":37},{"PeptideID":"300","PepExecIsomorStrictMatchTime":20,"PepNumAtoms":98,"PepExecutionCompleteTime":20,"PeptideName":"tyrocidine C","PepExecIsomorLightMatchTime":0,"PepExecTilingTime":0,"PepExecIsomorphismTime":20},{"PeptideID":"241","PepExecIsomorStrictMatchTime":17,"PepNumAtoms":91,"PepExecutionCompleteTime":17,"PeptideName":"actinomycin pip1-beta","PepExecIsomorLightMatchTime":0,"PepExecTilingTime":0,"PepExecIsomorphismTime":17},{"PeptideID":"254","PepExecIsomorStrictMatchTime":11,"PepNumAtoms":56,"PepExecutionCompleteTime":11,"PeptideName":"beauvericin D","PepExecIsomorLightMatchTime":0,"PepExecTilingTime":0,"PepExecIsomorphismTime":11},{"PeptideID":"298","PepExecIsomorStrictMatchTime":19,"PepNumAtoms":92,"PepExecutionCompleteTime":19,"PeptideName":"tyrocidine A","PepExecIsomorLightMatchTime":0,"PepExecTilingTime":0,"PepExecIsomorphismTime":19},{"PeptideID":"471","PepExecIsomorStrictMatchTime":118,"PepNumAtoms":53,"PepExecutionCompleteTime":263,"PeptideName":"cyclotheonamide A","PepExecIsomorLightMatchTime":126,"PepExecTilingTime":19,"PepExecIsomorphismTime":244},{"PeptideID":"375","PepExecIsomorStrictMatchTime":15,"PepNumAtoms":67,"PepExecutionCompleteTime":15,"PeptideName":"didemnin A","PepExecIsomorLightMatchTime":0,"PepExecTilingTime":0,"PepExecIsomorphismTime":15},{"PeptideID":"374","PepExecIsomorStrictMatchTime":18,"PepNumAtoms":79,"PepExecutionCompleteTime":18,"PeptideName":"didemnin B","PepExecIsomorLightMatchTime":0,"PepExecTilingTime":0,"PepExecIsomorphismTime":18},{"PeptideID":"102","PepExecIsomorStrictMatchTime":9,"PepNumAtoms":46,"PepExecutionCompleteTime":9,"PeptideName":"enniatin B4","PepExecIsomorLightMatchTime":0,"PepExecTilingTime":0,"PepExecIsomorphismTime":9},{"PeptideID":"373","PepExecIsomorStrictMatchTime":18,"PepNumAtoms":79,"PepExecutionCompleteTime":18,"PeptideName":"dehydrodidemnin B","PepExecIsomorLightMatchTime":0,"PepExecTilingTime":0,"PepExecIsomorphismTime":18},{"PeptideID":"376","PepExecIsomorStrictMatchTime":17,"PepNumAtoms":72,"PepExecutionCompleteTime":17,"PeptideName":"didemnin C","PepExecIsomorLightMatchTime":0,"PepExecTilingTime":0,"PepExecIsomorphismTime":17},{"PeptideID":"388","PepExecIsomorStrictMatchTime":17,"PepNumAtoms":74,"PepExecutionCompleteTime":17,"PeptideName":"tamandarin A","PepExecIsomorLightMatchTime":0,"PepExecTilingTime":0,"PepExecIsomorphismTime":17},{"PeptideID":"95","PepExecIsomorStrictMatchTime":10,"PepNumAtoms":46,"PepExecutionCompleteTime":10,"PeptideName":"enniatin B1","PepExecIsomorLightMatchTime":0,"PepExecTilingTime":0,"PepExecIsomorphismTime":10},{"PeptideID":"1141","PepExecIsomorStrictMatchTime":8,"PepNumAtoms":39,"PepExecutionCompleteTime":79,"PeptideName":"coelichelin","PepExecIsomorLightMatchTime":27,"PepExecTilingTime":44,"PepExecIsomorphismTime":35},{"PeptideID":"1141","PepExecIsomorStrictMatchTime":8,"PepNumAtoms":39,"PepExecutionCompleteTime":36,"PeptideName":"coelichelin","PepExecIsomorLightMatchTime":24,"PepExecTilingTime":4,"PepExecIsomorphismTime":32},{"PeptideID":"985","PepExecIsomorStrictMatchTime":32,"PepNumAtoms":110,"PepExecutionCompleteTime":32,"PeptideName":"emerimicin III","PepExecIsomorLightMatchTime":0,"PepExecTilingTime":0,"PepExecIsomorphismTime":32},{"PeptideID":"549","PepExecIsomorStrictMatchTime":10,"PepNumAtoms":53,"PepExecutionCompleteTime":11,"PeptideName":"stylostatin 1","PepExecIsomorLightMatchTime":0,"PepExecTilingTime":1,"PepExecIsomorphismTime":10},{"PeptideID":"98","PepExecIsomorStrictMatchTime":9,"PepNumAtoms":46,"PepExecutionCompleteTime":9,"PeptideName":"enniatin  H","PepExecIsomorLightMatchTime":0,"PepExecTilingTime":0,"PepExecIsomorphismTime":9},{"PeptideID":"408","PepExecIsomorStrictMatchTime":13,"PepNumAtoms":64,"PepExecutionCompleteTime":13,"PeptideName":"micromide","PepExecIsomorLightMatchTime":0,"PepExecTilingTime":0,"PepExecIsomorphismTime":13},{"PeptideID":"672","PepExecIsomorStrictMatchTime":10,"PepNumAtoms":63,"PepExecutionCompleteTime":10,"PeptideName":"viridogrisein","PepExecIsomorLightMatchTime":0,"PepExecTilingTime":0,"PepExecIsomorphismTime":10},{"PeptideID":"432","PepExecIsomorStrictMatchTime":14,"PepNumAtoms":51,"PepExecutionCompleteTime":14,"PeptideName":"carmabin A","PepExecIsomorLightMatchTime":0,"PepExecTilingTime":0,"PepExecIsomorphismTime":14},{"PeptideID":"433","PepExecIsomorStrictMatchTime":11,"PepNumAtoms":52,"PepExecutionCompleteTime":11,"PeptideName":"carmabin B","PepExecIsomorLightMatchTime":0,"PepExecTilingTime":0,"PepExecIsomorphismTime":11},{"PeptideID":"842","PepExecIsomorStrictMatchTime":23,"PepNumAtoms":114,"PepExecutionCompleteTime":23,"PeptideName":"polydiscamide D","PepExecIsomorLightMatchTime":0,"PepExecTilingTime":0,"PepExecIsomorphismTime":23},{"PeptideID":"841","PepExecIsomorStrictMatchTime":24,"PepNumAtoms":115,"PepExecutionCompleteTime":24,"PeptideName":"polydiscamide C","PepExecIsomorLightMatchTime":0,"PepExecTilingTime":0,"PepExecIsomorphismTime":24},{"PeptideID":"68","PepExecIsomorStrictMatchTime":9,"PepNumAtoms":40,"PepExecutionCompleteTime":34,"PeptideName":"destruxin A2","PepExecIsomorLightMatchTime":23,"PepExecTilingTime":2,"PepExecIsomorphismTime":32},{"PeptideID":"68","PepExecIsomorStrictMatchTime":9,"PepNumAtoms":40,"PepExecutionCompleteTime":25,"PeptideName":"destruxin A2","PepExecIsomorLightMatchTime":15,"PepExecTilingTime":1,"PepExecIsomorphismTime":24},{"PeptideID":"345","PepExecIsomorStrictMatchTime":45,"PepNumAtoms":137,"PepExecutionCompleteTime":45,"PeptideName":"tolaasin II","PepExecIsomorLightMatchTime":0,"PepExecTilingTime":0,"PepExecIsomorphismTime":45},{"PeptideID":"651","PepExecIsomorStrictMatchTime":23,"PepNumAtoms":79,"PepExecutionCompleteTime":24,"PeptideName":"empedopeptin","PepExecIsomorLightMatchTime":0,"PepExecTilingTime":1,"PepExecIsomorphismTime":23},{"PeptideID":"423","PepExecIsomorStrictMatchTime":22,"PepNumAtoms":99,"PepExecutionCompleteTime":32,"PeptideName":"papuamide B","PepExecIsomorLightMatchTime":8,"PepExecTilingTime":2,"PepExecIsomorphismTime":30},{"PeptideID":"71","PepExecIsomorStrictMatchTime":8,"PepNumAtoms":42,"PepExecutionCompleteTime":34,"PeptideName":"destruxin A4","PepExecIsomorLightMatchTime":24,"PepExecTilingTime":2,"PepExecIsomorphismTime":32},{"PeptideID":"71","PepExecIsomorStrictMatchTime":8,"PepNumAtoms":42,"PepExecutionCompleteTime":15,"PeptideName":"destruxin A4","PepExecIsomorLightMatchTime":7,"PepExecTilingTime":0,"PepExecIsomorphismTime":15},{"PeptideID":"422","PepExecIsomorStrictMatchTime":23,"PepNumAtoms":100,"PepExecutionCompleteTime":32,"PeptideName":"papuamide A","PepExecIsomorLightMatchTime":8,"PepExecTilingTime":1,"PepExecIsomorphismTime":31},{"PeptideID":"845","PepExecIsomorStrictMatchTime":47,"PepNumAtoms":182,"PepExecutionCompleteTime":48,"PeptideName":"ramoplanin A3","PepExecIsomorLightMatchTime":0,"PepExecTilingTime":1,"PepExecIsomorphismTime":47},{"PeptideID":"844","PepExecIsomorStrictMatchTime":49,"PepNumAtoms":181,"PepExecutionCompleteTime":49,"PeptideName":"ramoplanin A2","PepExecIsomorLightMatchTime":0,"PepExecTilingTime":0,"PepExecIsomorphismTime":49},{"PeptideID":"923","PepExecIsomorStrictMatchTime":38,"PepNumAtoms":100,"PepExecutionCompleteTime":74,"PeptideName":"bacitracin F","PepExecIsomorLightMatchTime":33,"PepExecTilingTime":3,"PepExecIsomorphismTime":71},{"PeptideID":"662","PepExecIsomorStrictMatchTime":65,"PepNumAtoms":180,"PepExecutionCompleteTime":65,"PeptideName":"ramoplanin A1","PepExecIsomorLightMatchTime":0,"PepExecTilingTime":0,"PepExecIsomorphismTime":65},{"PeptideID":"679","PepExecIsomorStrictMatchTime":10,"PepNumAtoms":60,"PepExecutionCompleteTime":10,"PeptideName":"virginiamycin S","PepExecIsomorLightMatchTime":0,"PepExecTilingTime":0,"PepExecIsomorphismTime":10},{"PeptideID":"239","PepExecIsomorStrictMatchTime":17,"PepNumAtoms":92,"PepExecutionCompleteTime":17,"PeptideName":"actinomycin Z5","PepExecIsomorLightMatchTime":0,"PepExecTilingTime":0,"PepExecIsomorphismTime":17},{"PeptideID":"237","PepExecIsomorStrictMatchTime":16,"PepNumAtoms":93,"PepExecutionCompleteTime":16,"PeptideName":"actinomycin Z3","PepExecIsomorLightMatchTime":0,"PepExecTilingTime":0,"PepExecIsomorphismTime":16},{"PeptideID":"412","PepExecIsomorStrictMatchTime":10,"PepNumAtoms":45,"PepExecutionCompleteTime":10,"PeptideName":"oscillarin","PepExecIsomorLightMatchTime":0,"PepExecTilingTime":0,"PepExecIsomorphismTime":10},{"PeptideID":"235","PepExecIsomorStrictMatchTime":16,"PepNumAtoms":93,"PepExecutionCompleteTime":16,"PeptideName":"actinomycin Z1","PepExecIsomorLightMatchTime":0,"PepExecTilingTime":0,"PepExecIsomorphismTime":16},{"PeptideID":"719","PepExecIsomorStrictMatchTime":37,"PepNumAtoms":98,"PepExecutionCompleteTime":37,"PeptideName":"aciculitin C","PepExecIsomorLightMatchTime":0,"PepExecTilingTime":0,"PepExecIsomorphismTime":37},{"PeptideID":"69","PepExecIsomorStrictMatchTime":10,"PepNumAtoms":40,"PepExecutionCompleteTime":10,"PeptideName":"destruxin B2","PepExecIsomorLightMatchTime":0,"PepExecTilingTime":0,"PepExecIsomorphismTime":10},{"PeptideID":"600","PepExecIsomorStrictMatchTime":20,"PepNumAtoms":96,"PepExecutionCompleteTime":20,"PeptideName":"aciculitin A","PepExecIsomorLightMatchTime":0,"PepExecTilingTime":0,"PepExecIsomorphismTime":20},{"PeptideID":"718","PepExecIsomorStrictMatchTime":20,"PepNumAtoms":97,"PepExecutionCompleteTime":20,"PeptideName":"aciculitin B","PepExecIsomorLightMatchTime":0,"PepExecTilingTime":0,"PepExecIsomorphismTime":20},{"PeptideID":"67","PepExecIsomorStrictMatchTime":9,"PepNumAtoms":43,"PepExecutionCompleteTime":9,"PeptideName":"destruxin B1","PepExecIsomorLightMatchTime":0,"PepExecTilingTime":0,"PepExecIsomorphismTime":9},{"PeptideID":"230","PepExecIsomorStrictMatchTime":14,"PepNumAtoms":86,"PepExecutionCompleteTime":14,"PeptideName":"actinomycin II","PepExecIsomorLightMatchTime":0,"PepExecTilingTime":0,"PepExecIsomorphismTime":14},{"PeptideID":"220","PepExecIsomorStrictMatchTime":20,"PepNumAtoms":74,"PepExecutionCompleteTime":20,"PeptideName":"iturin A-2","PepExecIsomorLightMatchTime":0,"PepExecTilingTime":0,"PepExecIsomorphismTime":20},{"PeptideID":"655","PepExecIsomorStrictMatchTime":50,"PepNumAtoms":90,"PepExecutionCompleteTime":50,"PeptideName":"lysobactin","PepExecIsomorLightMatchTime":0,"PepExecTilingTime":0,"PepExecIsomorphismTime":50},{"PeptideID":"306","PepExecIsomorStrictMatchTime":6,"PepNumAtoms":30,"PepExecutionCompleteTime":6,"PeptideName":"AM-toxin II","PepExecIsomorLightMatchTime":0,"PepExecTilingTime":0,"PepExecIsomorphismTime":6},{"PeptideID":"577","PepExecIsomorStrictMatchTime":15,"PepNumAtoms":54,"PepExecutionCompleteTime":15,"PeptideName":"haligramide B","PepExecIsomorLightMatchTime":0,"PepExecTilingTime":0,"PepExecIsomorphismTime":15},{"PeptideID":"623","PepExecIsomorStrictMatchTime":11,"PepNumAtoms":38,"PepExecutionCompleteTime":11,"PeptideName":"chlamydocin","PepExecIsomorLightMatchTime":0,"PepExecTilingTime":0,"PepExecIsomorphismTime":11},{"PeptideID":"576","PepExecIsomorStrictMatchTime":12,"PepNumAtoms":53,"PepExecutionCompleteTime":12,"PeptideName":"haligramide A","PepExecIsomorLightMatchTime":0,"PepExecTilingTime":0,"PepExecIsomorphismTime":12},{"PeptideID":"840","PepExecIsomorStrictMatchTime":26,"PepNumAtoms":116,"PepExecutionCompleteTime":27,"PeptideName":"polydiscamide B","PepExecIsomorLightMatchTime":0,"PepExecTilingTime":1,"PepExecIsomorphismTime":26},{"PeptideID":"707","PepExecIsomorStrictMatchTime":23,"PepNumAtoms":91,"PepExecutionCompleteTime":214,"PeptideName":"deglucobalhimycin","PepExecIsomorLightMatchTime":93,"PepExecTilingTime":98,"PepExecIsomorphismTime":116},{"PeptideID":"707","PepExecIsomorStrictMatchTime":23,"PepNumAtoms":91,"PepExecutionCompleteTime":84,"PeptideName":"deglucobalhimycin","PepExecIsomorLightMatchTime":21,"PepExecTilingTime":40,"PepExecIsomorphismTime":44},{"PeptideID":"466","PepExecIsomorStrictMatchTime":10,"PepNumAtoms":33,"PepExecutionCompleteTime":10,"PeptideName":"renieramide","PepExecIsomorLightMatchTime":0,"PepExecTilingTime":0,"PepExecIsomorphismTime":10}]